user,login_count,logoff_count,usb_connect_count,usb_disconnect_count,email_count,file_activity_count,unique_pc_count,after_hours_login,weekend_activity,attachment_count
AAE0190,692,346,0.0,0.0,4711,0.0,1,0.0,0.0,953.0
AAF0535,328,164,346.0,342.0,480,357.0,1,0.0,0.0,187.0
AAF0791,692,346,0.0,0.0,3012,0.0,1,0.0,0.0,0.0
AAL0706,692,346,0.0,0.0,336,0.0,1,346.0,0.0,71.0
AAM0658,458,229,7.0,6.0,659,31.0,1,234.0,2.0,275.0
AAN0823,692,346,0.0,0.0,339,0.0,1,346.0,0.0,78.0
AAS0442,136,50,0.0,0.0,145,0.0,1,22.0,0.0,65.0
AAV0450,692,346,0.0,0.0,336,0.0,1,159.0,0.0,67.0
AAW0353,692,346,0.0,0.0,1000,0.0,1,165.0,0.0,0.0
ABC0174,829,296,642.0,634.0,4239,589.0,1,296.0,126.0,465.0
ABC0253,963,346,0.0,0.0,3015,0.0,1,346.0,0.0,351.0
ABH0663,692,346,0.0,0.0,1006,0.0,1,346.0,0.0,104.0
ABM0845,1002,369,0.0,0.0,340,0.0,2,348.0,0.0,37.0
ABN0239,959,346,0.0,0.0,3023,0.0,1,159.0,0.0,602.0
ACC0042,2724,1362,0.0,0.0,3676,0.0,618,1981.0,0.0,1113.0
ACV0812,1279,509,0.0,0.0,3040,0.0,2,593.0,13.0,949.0
ADC0391,968,346,0.0,0.0,3057,0.0,1,371.0,0.0,1208.0
ADD0846,692,346,0.0,0.0,333,0.0,1,346.0,0.0,76.0
ADF0397,692,346,0.0,0.0,3038,0.0,1,350.0,0.0,312.0
AES0827,692,346,0.0,0.0,336,0.0,1,346.0,0.0,0.0
AGB0186,692,346,0.0,0.0,1003,0.0,1,346.0,0.0,0.0
AGB0643,692,346,0.0,0.0,1012,0.0,1,346.0,0.0,198.0
AHC0142,1197,442,0.0,0.0,3382,0.0,3,394.0,100.0,1002.0
AHD0848,1162,431,150.0,149.0,376,199.0,22,395.0,87.0,126.0
AHG0634,465,171,0.0,0.0,463,0.0,2,162.0,0.0,146.0
AHM0410,1183,458,394.0,388.0,3063,2198.0,3,176.0,9.0,917.0
AIB0948,1207,466,2990.0,2973.0,328,1669.0,34,460.0,0.0,39.0
AIH0675,692,346,0.0,0.0,2994,0.0,1,162.0,0.0,626.0
AIM0627,692,346,0.0,0.0,5009,0.0,1,150.0,0.0,0.0
AIP0394,1025,382,0.0,0.0,3044,0.0,1,430.0,8.0,892.0
AIP0982,1000,364,366.0,363.0,3328,6182.0,2,348.0,0.0,988.0
AIS0405,692,346,0.0,0.0,2995,0.0,1,391.0,0.0,606.0
AJC0840,692,346,0.0,0.0,364,0.0,1,346.0,0.0,45.0
AJD0074,1202,452,150.0,144.0,3781,515.0,2,422.0,118.0,1192.0
AJF0370,3267,1490,4261.0,4241.0,3927,11053.0,661,1787.0,142.0,1199.0
AJH0175,810,405,159.0,158.0,4976,236.0,1,456.0,7.0,529.0
AJL0462,1034,382,0.0,0.0,338,0.0,1,235.0,6.0,102.0
AJN0607,1177,456,1033.0,1028.0,5022,820.0,2,171.0,0.0,2034.0
AJP0723,692,346,0.0,0.0,337,0.0,1,346.0,0.0,0.0
AJR0319,1258,446,0.0,0.0,6434,0.0,1,446.0,279.0,1949.0
AJR0932,398,199,19.0,19.0,1709,47.0,1,203.0,1.0,0.0
AKC0924,692,346,0.0,0.0,3047,0.0,1,346.0,0.0,617.0
AKF0709,692,346,0.0,0.0,331,0.0,1,346.0,0.0,0.0
AKH0758,692,346,0.0,0.0,1008,0.0,1,0.0,0.0,204.0
AKK0329,692,346,0.0,0.0,1011,0.0,1,346.0,0.0,406.0
AKR0057,662,243,486.0,480.0,2459,540.0,13,267.0,0.0,256.0
AKW0167,692,346,0.0,0.0,3685,0.0,1,346.0,0.0,376.0
ALB0892,470,235,0.0,0.0,680,0.0,1,0.0,116.0,83.0
ALC0788,692,346,0.0,0.0,1004,0.0,1,346.0,0.0,400.0
ALD0529,968,346,0.0,0.0,993,0.0,1,0.0,0.0,317.0
ALD0544,692,346,0.0,0.0,2971,0.0,1,168.0,0.0,1183.0
ALH0402,692,346,0.0,0.0,3039,0.0,1,345.0,0.0,606.0
AMD0077,692,346,0.0,0.0,5984,0.0,1,346.0,0.0,1233.0
AMH0464,692,346,0.0,0.0,337,0.0,1,169.0,0.0,67.0
AMH0794,692,346,0.0,0.0,2957,0.0,1,0.0,0.0,618.0
AMJ0297,692,346,0.0,0.0,330,0.0,1,0.0,0.0,0.0
AMM0014,692,346,0.0,0.0,6029,0.0,1,352.0,0.0,0.0
AMR0318,1013,372,141.0,140.0,4974,230.0,1,389.0,5.0,502.0
AMR0400,692,346,0.0,0.0,2987,0.0,1,336.0,0.0,0.0
AMV0036,692,346,0.0,0.0,4711,0.0,1,346.0,0.0,0.0
AMW0392,1254,450,0.0,0.0,3956,0.0,1,546.0,275.0,398.0
ANM0123,82,32,29.0,28.0,270,47.0,2,25.0,0.0,103.0
ANP0555,692,346,0.0,0.0,3009,0.0,1,153.0,0.0,0.0
ANT0430,1022,371,0.0,0.0,3003,0.0,3,157.0,0.0,1205.0
AOB0019,692,346,0.0,0.0,3638,0.0,1,162.0,0.0,409.0
AOK0844,1186,440,407.0,402.0,370,1321.0,15,436.0,331.0,109.0
AOS0987,1149,440,0.0,0.0,3017,0.0,3,0.0,0.0,857.0
APG0307,692,346,0.0,0.0,330,0.0,1,0.0,0.0,73.0
AQD0820,692,346,0.0,0.0,3018,0.0,1,346.0,0.0,594.0
ARA0252,963,346,0.0,0.0,2981,0.0,1,161.0,0.0,1222.0
ARB0834,422,211,0.0,0.0,207,0.0,1,211.0,0.0,49.0
ARB0881,692,346,0.0,0.0,1016,0.0,1,0.0,0.0,386.0
ARD0509,724,362,0.0,0.0,994,0.0,3,0.0,0.0,304.0
ARL0034,692,346,0.0,0.0,4670,0.0,1,346.0,0.0,946.0
ASB0796,530,265,0.0,0.0,2298,0.0,1,0.0,0.0,484.0
ASD0577,692,346,0.0,0.0,329,0.0,1,0.0,0.0,0.0
ASG0048,692,346,0.0,0.0,3631,0.0,1,163.0,0.0,1475.0
ASG0692,692,346,0.0,0.0,2990,0.0,1,211.0,0.0,304.0
ASL0378,966,346,0.0,0.0,2992,0.0,1,158.0,0.0,625.0
ASM0575,967,346,0.0,0.0,330,0.0,1,0.0,0.0,130.0
ASS0206,692,346,0.0,0.0,4660,0.0,1,346.0,0.0,0.0
ASS0517,961,346,0.0,0.0,1011,0.0,1,0.0,0.0,304.0
ASV0946,956,346,0.0,0.0,331,0.0,1,346.0,0.0,138.0
ATE0869,1427,524,210.0,209.0,7519,522.0,4,507.0,391.0,2298.0
ATF0274,692,346,0.0,0.0,3019,0.0,1,346.0,0.0,922.0
ATP0662,1245,479,394.0,390.0,5103,1273.0,2,355.0,84.0,2009.0
AVM0947,750,375,2998.0,2986.0,337,7701.0,30,385.0,0.0,40.0
AWM0764,692,346,0.0,0.0,1003,0.0,1,0.0,0.0,108.0
BAH0875,930,465,0.0,0.0,5386,0.0,3,528.0,14.0,556.0
BAJ0654,776,388,140.0,139.0,986,2919.0,42,395.0,0.0,290.0
BAK0964,692,346,0.0,0.0,340,0.0,1,346.0,0.0,74.0
BAL0044,3146,1437,1130.0,1128.0,3696,2900.0,628,2070.0,4.0,1116.0
BAM0611,957,346,0.0,0.0,5016,0.0,1,161.0,0.0,1517.0
BAM0636,692,346,0.0,0.0,1001,0.0,1,346.0,0.0,100.0
BBG0325,1011,368,368.0,361.0,5032,349.0,2,354.0,0.0,1517.0
BBH0810,692,346,0.0,0.0,3035,0.0,1,346.0,0.0,0.0
BBS0039,1326,663,2.0,2.0,1679,1.0,385,990.0,0.0,343.0
BBS0422,996,498,154.0,151.0,3487,499.0,3,324.0,139.0,1047.0
BCB0679,938,361,0.0,0.0,2439,0.0,3,134.0,0.0,997.0
BCM0653,692,346,0.0,0.0,1021,0.0,1,346.0,0.0,108.0
BCR0581,1110,418,0.0,0.0,329,0.0,3,0.0,0.0,132.0
BDB0453,800,400,0.0,0.0,338,0.0,1,270.0,3.0,0.0
BDI0533,1378,516,922.0,918.0,1302,2458.0,2,0.0,305.0,385.0
BDV0168,340,170,16.0,16.0,2427,36.0,1,175.0,0.0,511.0
BEC0505,692,346,0.0,0.0,5019,0.0,1,0.0,0.0,1524.0
BEH0615,1096,406,394.0,386.0,5123,268.0,22,181.0,4.0,1528.0
BER0314,692,346,0.0,0.0,4963,0.0,1,346.0,0.0,518.0
BHC0665,926,463,0.0,0.0,2973,0.0,3,0.0,0.0,1183.0
BHW0458,692,346,0.0,0.0,333,0.0,1,169.0,0.0,74.0
BIH0745,296,148,11.0,11.0,2087,41.0,1,73.0,0.0,835.0
BIS0247,1056,392,116.0,116.0,2984,418.0,1,254.0,14.0,303.0
BJH0354,692,346,0.0,0.0,4727,0.0,1,0.0,0.0,0.0
BJH0811,692,346,0.0,0.0,3038,0.0,1,346.0,0.0,0.0
BJM0111,884,442,2919.0,2902.0,1082,7841.0,1,132.0,68.0,348.0
BJP0134,966,351,2977.0,2963.0,338,8072.0,6,0.0,0.0,103.0
BJW0619,692,346,0.0,0.0,4973,0.0,1,148.0,0.0,516.0
BKW0374,2716,1358,0.0,0.0,3612,0.0,620,1605.0,0.0,708.0
BLB0114,1109,413,0.0,0.0,3016,0.0,2,0.0,0.0,1242.0
BLL0929,692,346,0.0,0.0,2981,0.0,1,346.0,0.0,605.0
BLS0678,571,205,4.0,4.0,1729,5.0,1,101.0,0.0,708.0
BMC0547,692,346,0.0,0.0,3034,0.0,1,156.0,0.0,0.0
BMG0917,1005,367,2981.0,2974.0,3039,7692.0,1,388.0,6.0,331.0
BMM0112,692,346,0.0,0.0,1013,0.0,1,0.0,0.0,209.0
BMS0877,252,126,0.0,0.0,1786,0.0,1,126.0,0.0,700.0
BMT0528,744,372,713.0,707.0,1010,1903.0,2,0.0,0.0,396.0
BNG0237,955,346,0.0,0.0,3008,0.0,1,166.0,0.0,1208.0
BNR0965,962,346,0.0,0.0,333,0.0,1,346.0,0.0,134.0
BQS0525,112,56,393.0,389.0,142,57.0,8,0.0,32.0,44.0
BRB0355,1552,603,898.0,894.0,4389,712.0,3,0.0,346.0,1302.0
BRM0995,1015,373,2973.0,2959.0,3044,590.0,4,375.0,0.0,922.0
BRS0734,220,110,128.0,128.0,1497,1845.0,1,57.0,34.0,423.0
BSA0431,692,346,0.0,0.0,3044,0.0,1,161.0,0.0,299.0
BSB0990,692,346,0.0,0.0,3015,0.0,1,346.0,0.0,621.0
BSH0445,692,346,0.0,0.0,3043,0.0,1,166.0,0.0,602.0
BSS0369,1924,962,2740.0,2732.0,2300,2295.0,504,1050.0,360.0,216.0
BSS0463,728,364,0.0,0.0,335,0.0,2,163.0,0.0,132.0
BTL0226,647,241,8.0,8.0,1862,4.0,20,251.0,0.0,568.0
BTL0722,692,346,0.0,0.0,334,0.0,1,346.0,0.0,71.0
BTN0061,1132,432,0.0,0.0,3031,0.0,17,363.0,0.0,1207.0
BTR0403,1114,426,380.0,376.0,3003,520.0,21,440.0,0.0,294.0
BTS0011,692,346,0.0,0.0,5930,0.0,1,346.0,0.0,1214.0
BTW0005,932,466,0.0,0.0,8950,0.0,2,360.0,0.0,3593.0
BVC0790,1585,625,879.0,870.0,3768,975.0,3,96.0,320.0,1139.0
BVN0514,236,118,0.0,0.0,327,0.0,2,0.0,0.0,43.0
BWH0813,692,346,0.0,0.0,3035,0.0,1,346.0,0.0,1205.0
BWP0202,1335,532,129.0,128.0,3663,627.0,2,505.0,16.0,1118.0
BXJ0010,692,346,0.0,0.0,6058,0.0,1,143.0,0.0,0.0
BYP0070,476,238,0.0,0.0,2060,0.0,1,116.0,0.0,0.0
CAA0612,959,346,128.0,126.0,5372,641.0,1,155.0,0.0,1627.0
CAB0388,956,346,0.0,0.0,2946,0.0,1,165.0,0.0,1142.0
CAB0614,1112,424,368.0,365.0,5335,931.0,15,166.0,0.0,1620.0
CAC0889,120,60,0.0,0.0,170,0.0,1,0.0,0.0,17.0
CAH0936,567,213,13.0,12.0,1512,42.0,19,215.0,0.0,465.0
CAM0102,692,346,0.0,0.0,3038,0.0,1,346.0,0.0,0.0
CAM0681,959,346,360.0,357.0,3033,759.0,1,225.0,0.0,907.0
CAN0842,692,346,0.0,0.0,338,0.0,1,346.0,0.0,0.0
CAS0507,1201,466,381.0,378.0,1003,6290.0,3,19.0,1.0,293.0
CBB0365,3256,1498,0.0,0.0,3690,0.0,634,1730.0,0.0,770.0
CBG0398,692,346,0.0,0.0,3019,0.0,1,364.0,0.0,612.0
CBG0490,692,346,0.0,0.0,5029,0.0,1,0.0,0.0,1018.0
CCA0046,1608,804,758.0,753.0,2157,1678.0,447,1178.0,0.0,637.0
CCC0393,692,346,0.0,0.0,3056,0.0,1,357.0,0.0,299.0
CCH0182,692,346,0.0,0.0,1012,0.0,1,346.0,0.0,400.0
CCH0685,1007,369,0.0,0.0,3049,0.0,2,189.0,0.0,1236.0
CCL0068,576,288,633.0,629.0,2521,630.0,1,140.0,0.0,491.0
CCM0136,997,364,120.0,119.0,334,137.0,2,0.0,0.0,109.0
CCM0467,692,346,0.0,0.0,335,0.0,1,155.0,0.0,67.0
CCM0855,692,346,0.0,0.0,5114,0.0,1,346.0,0.0,510.0
CCR0863,692,346,0.0,0.0,5096,0.0,1,346.0,0.0,0.0
CCW0031,692,346,0.0,0.0,4717,0.0,1,346.0,0.0,968.0
CCW0524,692,346,0.0,0.0,1009,0.0,1,0.0,0.0,194.0
CEB0210,692,346,0.0,0.0,4610,0.0,1,346.0,0.0,890.0
CEJ0109,636,318,638.0,636.0,2751,679.0,1,0.0,0.0,0.0
CEL0561,961,346,0.0,0.0,3001,0.0,1,0.0,0.0,613.0
CFG0959,874,437,0.0,0.0,338,0.0,2,372.0,0.0,136.0
CFM0767,1096,414,375.0,370.0,1005,778.0,7,84.0,4.0,106.0
CFW0264,120,60,0.0,0.0,524,0.0,1,60.0,0.0,0.0
CGA0629,692,346,0.0,0.0,5046,0.0,1,163.0,0.0,0.0
CGB0637,956,346,1082.0,1073.0,1020,2333.0,1,346.0,0.0,321.0
CGF0337,692,346,0.0,0.0,1012,0.0,1,346.0,0.0,0.0
CHG0146,692,346,0.0,0.0,4648,0.0,1,0.0,0.0,939.0
CHM0821,1221,472,368.0,365.0,338,1228.0,3,442.0,0.0,118.0
CIG0052,692,346,0.0,0.0,3689,0.0,1,0.0,0.0,383.0
CIM0271,997,363,725.0,717.0,2991,1552.0,3,354.0,0.0,878.0
CIM0926,460,230,0.0,0.0,2004,0.0,2,229.0,0.0,182.0
CJC0494,692,346,0.0,0.0,5031,0.0,1,0.0,0.0,1009.0
CJF0802,1100,421,0.0,0.0,3030,0.0,2,106.0,10.0,910.0
CJG0470,692,346,0.0,0.0,337,0.0,1,154.0,0.0,0.0
CJH0702,692,346,0.0,0.0,337,0.0,1,346.0,0.0,0.0
CJK0200,692,346,0.0,0.0,3674,0.0,1,346.0,0.0,0.0
CJM0138,692,346,0.0,0.0,326,0.0,1,0.0,0.0,136.0
CJM0521,928,464,0.0,0.0,1334,0.0,1,0.0,226.0,125.0
CJP0952,1034,381,0.0,0.0,335,0.0,2,379.0,3.0,104.0
CJV0286,963,346,0.0,0.0,1006,0.0,1,0.0,0.0,411.0
CKB0427,692,346,0.0,0.0,3029,0.0,1,155.0,0.0,655.0
CKB0482,692,346,0.0,0.0,5036,0.0,1,0.0,0.0,0.0
CKD0680,692,346,0.0,0.0,3045,0.0,1,159.0,0.0,596.0
CKH0144,692,346,0.0,0.0,3015,0.0,1,346.0,0.0,1188.0
CKP0721,692,346,0.0,0.0,337,0.0,1,346.0,0.0,0.0
CLB0774,848,424,2988.0,2978.0,1000,7246.0,1,148.0,17.0,297.0
CLD0894,692,346,0.0,0.0,1011,0.0,1,0.0,0.0,0.0
CLF0852,1196,459,0.0,0.0,4988,0.0,3,378.0,0.0,1993.0
CLH0703,692,346,0.0,0.0,332,0.0,1,346.0,0.0,36.0
CLS0296,692,346,0.0,0.0,336,0.0,1,0.0,0.0,0.0
CMB0912,1378,518,0.0,0.0,5723,0.0,46,488.0,220.0,1690.0
CMM0487,692,346,0.0,0.0,5005,0.0,1,0.0,0.0,0.0
CMS0454,692,346,0.0,0.0,336,0.0,1,170.0,0.0,73.0
CMW0783,692,346,0.0,0.0,996,0.0,1,0.0,0.0,0.0
CNB0900,692,346,0.0,0.0,1007,0.0,1,0.0,0.0,0.0
CNE0352,692,346,0.0,0.0,5950,0.0,1,174.0,0.0,637.0
CNM0800,692,346,0.0,0.0,2994,0.0,1,0.0,0.0,1149.0
COF0120,596,298,0.0,0.0,2554,0.0,1,325.0,10.0,736.0
COM0321,692,346,0.0,0.0,5016,0.0,1,346.0,0.0,0.0
CPG0322,1006,503,129.0,129.0,5012,337.0,35,388.0,0.0,1510.0
CQH0701,963,346,137.0,134.0,334,243.0,1,346.0,0.0,107.0
CQH0730,692,346,0.0,0.0,5068,0.0,1,162.0,0.0,497.0
CQW0652,654,327,668.0,662.0,974,696.0,1,327.0,0.0,0.0
CRD0624,100,50,0.0,0.0,638,0.0,1,27.0,0.0,73.0
CRK0916,997,370,0.0,0.0,3363,0.0,1,394.0,9.0,358.0
CRO0027,1009,367,0.0,0.0,3037,0.0,3,16.0,4.0,942.0
CRP0456,692,346,0.0,0.0,335,0.0,1,156.0,0.0,135.0
CSB0080,692,346,0.0,0.0,3715,0.0,1,160.0,0.0,0.0
CSC0217,934,467,2.0,2.0,1158,1.0,289,672.0,0.0,0.0
CSH0626,1294,493,0.0,0.0,5340,0.0,3,341.0,142.0,1594.0
CSJ0340,692,346,0.0,0.0,1017,0.0,1,346.0,0.0,199.0
CSL0949,692,346,0.0,0.0,338,0.0,1,346.0,0.0,0.0
CSP0197,1208,465,0.0,0.0,3676,0.0,2,0.0,0.0,1136.0
CTA0020,1010,371,2977.0,2965.0,3640,606.0,4,160.0,0.0,1085.0
CTR0341,1604,608,0.0,0.0,1467,0.0,3,698.0,447.0,451.0
CTR0697,963,350,0.0,0.0,334,0.0,1,354.0,0.0,109.0
CTW0500,692,346,0.0,0.0,4974,0.0,1,0.0,0.0,1971.0
CUD0795,692,346,0.0,0.0,3023,0.0,1,0.0,0.0,1217.0
CWB0065,1188,457,0.0,0.0,2985,0.0,2,376.0,0.0,901.0
CWR0502,1122,426,348.0,346.0,4677,765.0,2,0.0,0.0,1382.0
CXC0336,692,346,0.0,0.0,1000,0.0,1,346.0,0.0,208.0
CYA0506,210,105,0.0,0.0,301,0.0,1,0.0,0.0,0.0
DAG0558,692,346,0.0,0.0,2983,0.0,1,0.0,0.0,576.0
DAL0673,993,364,331.0,330.0,3008,352.0,3,160.0,0.0,907.0
DAR0885,116,58,0.0,0.0,109,0.0,5,16.0,33.0,36.0
DBB0384,692,346,2976.0,2956.0,3001,8543.0,1,174.0,0.0,301.0
DBG0261,692,346,0.0,0.0,3011,0.0,1,346.0,0.0,599.0
DBS0235,748,374,0.0,0.0,3034,0.0,29,372.0,0.0,319.0
DBW0483,691,346,0.0,0.0,5068,0.0,1,0.0,0.0,1004.0
DCC0160,692,346,0.0,0.0,6027,0.0,1,346.0,0.0,1252.0
DCH0843,588,294,23.0,23.0,281,38.0,1,299.0,2.0,57.0
DDA0476,692,346,0.0,0.0,5045,0.0,1,0.0,0.0,1046.0
DDM0579,692,346,0.0,0.0,337,0.0,1,0.0,0.0,0.0
DEB0782,692,346,0.0,0.0,1004,0.0,1,0.0,0.0,292.0
DFH0188,1133,431,406.0,401.0,1012,6281.0,3,404.0,0.0,99.0
DFR0218,2714,1357,0.0,0.0,3725,0.0,614,1968.0,0.0,366.0
DGF0443,692,346,0.0,0.0,3007,0.0,1,163.0,0.0,0.0
DGM0754,58,29,0.0,0.0,431,0.0,1,12.0,0.0,0.0
DGN0480,658,329,0.0,0.0,4798,0.0,1,0.0,0.0,949.0
DGW0752,964,346,0.0,0.0,4986,0.0,1,168.0,0.0,2025.0
DHM0937,692,346,0.0,0.0,3025,0.0,1,346.0,0.0,633.0
DIB0081,551,211,496.0,493.0,1418,1580.0,3,79.0,0.0,563.0
DIB0285,368,184,391.0,388.0,1613,375.0,1,0.0,0.0,320.0
DIC0988,692,346,0.0,0.0,3007,0.0,1,351.0,0.0,0.0
DID0650,692,346,0.0,0.0,1022,0.0,1,346.0,0.0,0.0
DIW0118,1209,470,683.0,676.0,4658,1314.0,3,384.0,0.0,1387.0
DJB0159,1002,361,0.0,0.0,6351,0.0,2,349.0,0.0,1929.0
DJS0682,692,346,0.0,0.0,3003,0.0,1,186.0,0.0,0.0
DKB0631,692,346,0.0,0.0,1007,0.0,1,346.0,0.0,308.0
DLF0377,692,346,0.0,0.0,3025,0.0,1,165.0,0.0,605.0
DLH0029,692,346,0.0,0.0,3040,0.0,1,361.0,0.0,327.0
DLM0051,1367,511,3775.0,3758.0,7573,10673.0,3,477.0,294.0,2260.0
DLS0383,949,346,0.0,0.0,2987,0.0,1,165.0,0.0,1202.0
DMG0358,3038,1383,0.0,0.0,3691,0.0,633,1686.0,0.0,1526.0
DMK0257,1160,445,689.0,682.0,3008,1499.0,2,492.0,16.0,1175.0
DMM0623,982,355,0.0,0.0,5217,0.0,1,164.0,9.0,2072.0
DOL0332,692,346,0.0,0.0,1008,0.0,1,346.0,0.0,314.0
DOP0562,692,346,0.0,0.0,2986,0.0,1,0.0,0.0,613.0
DPM0423,914,457,1066.0,1065.0,3017,1403.0,2,174.0,0.0,1201.0
DPS0262,254,127,0.0,0.0,946,0.0,1,143.0,4.0,100.0
DRR0162,512,256,559.0,557.0,2737,529.0,1,256.0,0.0,794.0
DRR0242,884,442,0.0,0.0,3836,0.0,1,212.0,188.0,405.0
DSB0731,692,346,0.0,0.0,4936,0.0,1,170.0,0.0,981.0
DSM0591,692,346,0.0,0.0,338,0.0,1,0.0,0.0,0.0
DTP0379,1076,406,0.0,0.0,3311,0.0,4,160.0,0.0,975.0
DTT0076,692,346,0.0,0.0,6019,0.0,1,346.0,0.0,0.0
DVM0265,796,398,0.0,0.0,3022,0.0,3,384.0,0.0,907.0
DVW0103,692,346,0.0,0.0,3049,0.0,1,346.0,0.0,0.0
DZC0228,692,346,0.0,0.0,3032,0.0,1,350.0,0.0,309.0
EAH0466,104,39,15.0,15.0,34,358.0,3,16.0,0.0,12.0
EBC0390,692,346,0.0,0.0,3018,0.0,1,152.0,0.0,0.0
ECF0828,422,211,0.0,0.0,207,0.0,1,211.0,0.0,0.0
ECL0930,963,346,0.0,0.0,3041,0.0,1,346.0,0.0,1196.0
ECR0822,692,346,0.0,0.0,339,0.0,1,346.0,0.0,0.0
EDA0684,88,44,0.0,0.0,304,0.0,2,35.0,0.0,100.0
EDB0714,484,242,535.0,535.0,255,526.0,1,242.0,0.0,71.0
EFS0882,692,346,0.0,0.0,1009,0.0,1,0.0,0.0,0.0
EGD0132,378,189,420.0,413.0,195,399.0,1,0.0,0.0,21.0
EGD0409,388,140,0.0,0.0,1239,0.0,1,64.0,0.0,372.0
EGK0893,692,346,0.0,0.0,997,0.0,1,0.0,0.0,95.0
EHB0420,1651,660,0.0,0.0,3767,0.0,3,370.0,321.0,1130.0
EHB0824,328,164,13.0,13.0,153,14.0,1,169.0,0.0,17.0
EHD0584,641,240,7.0,7.0,208,11.0,3,12.0,2.0,73.0
EHR0096,692,346,0.0,0.0,3019,0.0,1,346.0,0.0,0.0
EIM0156,692,346,0.0,0.0,3014,0.0,1,346.0,0.0,1208.0
EIP0997,692,346,0.0,0.0,3017,0.0,1,346.0,0.0,0.0
EIS0041,3052,1391,1323.0,1321.0,3287,3676.0,622,2039.0,0.0,1005.0
EJW0884,691,346,0.0,0.0,1026,0.0,1,0.0,0.0,100.0
ELB0847,762,381,0.0,0.0,336,0.0,3,367.0,0.0,43.0
ELH0960,692,346,0.0,0.0,333,0.0,1,346.0,0.0,0.0
ELT0769,692,346,0.0,0.0,1004,0.0,1,0.0,0.0,0.0
EMB0531,965,346,0.0,0.0,990,0.0,1,0.0,0.0,377.0
EMS0317,692,346,0.0,0.0,4965,0.0,1,346.0,0.0,977.0
EMW0105,692,346,0.0,0.0,3646,0.0,1,0.0,0.0,0.0
EMW0772,722,361,130.0,130.0,998,181.0,3,0.0,0.0,112.0
ENC0234,771,288,0.0,0.0,2268,0.0,2,262.0,0.0,234.0
ENL0100,692,346,0.0,0.0,3029,0.0,1,346.0,0.0,602.0
EPW0434,692,346,0.0,0.0,3053,0.0,1,167.0,0.0,590.0
ERH0449,692,346,0.0,0.0,332,0.0,1,166.0,0.0,0.0
ESA0642,692,346,0.0,0.0,1004,0.0,1,346.0,0.0,0.0
ESH0135,692,346,0.0,0.0,327,0.0,1,0.0,0.0,129.0
ESH0283,762,381,139.0,138.0,3049,2646.0,35,0.0,0.0,879.0
ESJ0670,1030,515,185.0,181.0,4582,3303.0,3,211.0,258.0,455.0
ESR0693,384,192,198.0,193.0,1475,509.0,2,88.0,0.0,570.0
ETR0177,692,346,0.0,0.0,3711,0.0,1,13.0,0.0,0.0
ETR0428,834,417,0.0,0.0,3034,0.0,3,165.0,0.0,891.0
EWH0191,959,346,0.0,0.0,4649,0.0,1,346.0,0.0,1852.0
EZH0736,692,346,0.0,0.0,4974,0.0,1,160.0,0.0,525.0
EZT0640,1197,464,0.0,0.0,1015,0.0,2,415.0,0.0,423.0
FAW0032,708,354,0.0,0.0,4723,0.0,1,353.0,0.0,925.0
FBA0348,696,348,0.0,0.0,4704,0.0,1,4.0,0.0,0.0
FBW0747,796,398,0.0,0.0,5369,0.0,3,183.0,40.0,543.0
FDE0117,692,346,0.0,0.0,4724,0.0,1,346.0,0.0,921.0
FEB0306,1118,418,361.0,358.0,329,1157.0,2,0.0,0.0,102.0
FFC0891,745,292,418.0,415.0,566,961.0,2,51.0,5.0,227.0
FGW0853,910,455,0.0,0.0,4663,0.0,4,486.0,14.0,1453.0
FHO0630,692,346,0.0,0.0,4993,0.0,1,173.0,0.0,1999.0
FHS0837,692,346,0.0,0.0,337,0.0,1,346.0,0.0,0.0
FIR0920,878,439,0.0,0.0,3006,0.0,2,359.0,0.0,1188.0
FKB0163,692,346,0.0,0.0,3032,0.0,1,346.0,0.0,289.0
FKK0055,1345,489,172.0,172.0,4039,601.0,3,0.0,335.0,1630.0
FLM0213,691,346,0.0,0.0,4668,0.0,1,345.0,0.0,892.0
FMG0527,548,274,12.0,12.0,790,23.0,1,7.0,0.0,313.0
FOB0756,1479,567,155.0,154.0,1242,165.0,2,0.0,255.0,360.0
FPC0954,692,346,0.0,0.0,340,0.0,1,346.0,0.0,0.0
FQA0854,702,351,0.0,0.0,5005,0.0,6,346.0,0.0,1514.0
FRB0023,692,346,0.0,0.0,3668,0.0,1,346.0,0.0,1470.0
FRL0511,692,346,0.0,0.0,1004,0.0,1,0.0,0.0,407.0
FRR0832,692,346,0.0,0.0,336,0.0,1,346.0,0.0,138.0
FSB0399,670,335,0.0,0.0,2924,0.0,1,339.0,0.0,555.0
FSC0601,648,324,634.0,629.0,4180,653.0,2,136.0,0.0,433.0
FTM0406,498,249,18.0,18.0,2136,33.0,1,130.0,0.0,0.0
FUM0015,692,346,0.0,0.0,6114,0.0,1,346.0,0.0,2467.0
FWM0707,748,374,0.0,0.0,333,0.0,3,356.0,0.0,136.0
FXF0957,692,346,0.0,0.0,335,0.0,1,346.0,0.0,67.0
GAF0060,692,346,0.0,0.0,3031,0.0,1,341.0,0.0,1207.0
GAF0570,999,366,0.0,0.0,3003,0.0,21,0.0,0.0,884.0
GBM0603,644,322,0.0,0.0,4673,0.0,1,146.0,0.0,936.0
GCC0744,692,346,0.0,0.0,5063,0.0,1,168.0,0.0,0.0
GCC0945,692,346,0.0,0.0,337,0.0,1,346.0,0.0,44.0
GCG0951,1035,379,0.0,0.0,375,0.0,2,355.0,0.0,102.0
GCL0016,1125,406,134.0,133.0,4126,199.0,3,192.0,122.0,1245.0
GCR0554,692,346,0.0,0.0,3008,0.0,1,163.0,0.0,643.0
GCS0518,692,346,0.0,0.0,1001,0.0,1,0.0,0.0,0.0
GCS0571,988,359,138.0,137.0,332,564.0,2,0.0,0.0,33.0
GDF0704,1012,369,0.0,0.0,338,0.0,3,350.0,0.0,120.0
GHH0288,808,404,716.0,712.0,336,1563.0,3,21.0,4.0,108.0
GHL0460,464,232,11.0,11.0,217,41.0,1,114.0,1.0,57.0
GJD0298,692,346,0.0,0.0,339,0.0,1,0.0,0.0,129.0
GJT0386,692,346,0.0,0.0,2998,0.0,1,159.0,0.0,292.0
GKO0078,1217,473,363.0,360.0,6000,942.0,3,382.0,0.0,2446.0
GLR0975,957,346,0.0,0.0,3687,0.0,1,158.0,0.0,1482.0
GMF0738,692,346,0.0,0.0,5036,0.0,1,167.0,0.0,0.0
GNS0178,1078,402,152.0,151.0,2947,3049.0,2,414.0,5.0,887.0
GNZ0953,962,346,0.0,0.0,334,0.0,1,346.0,0.0,132.0
GOK0238,482,241,0.0,0.0,2104,0.0,1,125.0,0.0,0.0
GQF0659,692,346,0.0,0.0,1002,0.0,1,346.0,0.0,110.0
GQP0743,692,346,0.0,0.0,4978,0.0,1,164.0,0.0,1985.0
GRC0145,692,346,0.0,0.0,3624,0.0,1,0.0,0.0,1465.0
GRM0868,692,346,0.0,0.0,5078,0.0,1,346.0,0.0,0.0
GTD0116,692,346,0.0,0.0,4699,0.0,1,346.0,0.0,446.0
GTD0219,980,490,479.0,478.0,1262,1281.0,306,692.0,0.0,373.0
GTD0898,692,346,0.0,0.0,1003,0.0,1,0.0,0.0,0.0
GZB0469,692,346,0.0,0.0,334,0.0,1,167.0,0.0,74.0
GZC0735,1306,495,397.0,395.0,5847,304.0,2,195.0,144.0,1791.0
HAC0282,692,346,0.0,0.0,2989,0.0,1,0.0,0.0,608.0
HAD0246,1703,656,214.0,210.0,4820,315.0,2,399.0,503.0,1422.0
HAH0248,692,346,0.0,0.0,2985,0.0,1,156.0,0.0,639.0
HAH0760,957,346,677.0,665.0,998,1900.0,1,0.0,0.0,298.0
HAM0985,692,346,0.0,0.0,3050,0.0,1,346.0,0.0,624.0
HAV0121,692,346,0.0,0.0,3056,0.0,1,346.0,0.0,0.0
HBB0056,692,346,0.0,0.0,2989,0.0,1,0.0,0.0,589.0
HBO0413,646,323,709.0,699.0,2840,691.0,1,160.0,0.0,0.0
HCC0344,692,346,0.0,0.0,1000,0.0,1,346.0,0.0,395.0
HCL0113,692,346,0.0,0.0,3039,0.0,1,0.0,0.0,602.0
HCL0651,1016,372,662.0,658.0,1017,723.0,2,355.0,0.0,315.0
HCM0267,692,346,2984.0,2971.0,3021,8167.0,1,346.0,0.0,897.0
HCS0003,692,346,1007.0,999.0,9097,3045.0,1,0.0,0.0,3659.0
HCV0478,957,346,0.0,0.0,5036,0.0,1,0.0,0.0,1542.0
HCW0419,965,346,0.0,0.0,3054,0.0,1,171.0,0.0,1229.0
HDD0789,692,346,0.0,0.0,4727,0.0,1,346.0,0.0,911.0
HDD0806,1428,525,0.0,0.0,4143,0.0,26,495.0,361.0,398.0
HDH0928,692,346,691.0,686.0,3043,1577.0,1,346.0,0.0,1223.0
HDJ0446,692,346,0.0,0.0,337,0.0,1,165.0,0.0,78.0
HDL0748,692,346,0.0,0.0,5016,0.0,1,151.0,0.0,0.0
HDS0367,3035,1380,1364.0,1358.0,3626,3406.0,630,1701.0,0.0,1508.0
HFB0347,528,264,96.0,94.0,767,1716.0,1,264.0,14.0,84.0
HGG0240,692,346,0.0,0.0,3021,0.0,1,168.0,0.0,620.0
HGH0595,692,346,0.0,0.0,336,0.0,1,0.0,0.0,0.0
HGN0287,692,346,0.0,0.0,3371,0.0,1,0.0,0.0,1009.0
HIA0414,692,346,0.0,0.0,3007,0.0,1,167.0,0.0,632.0
HIW0536,692,346,0.0,0.0,4713,0.0,1,162.0,0.0,479.0
HJA0018,955,346,0.0,0.0,3712,0.0,1,169.0,0.0,1469.0
HJB0742,709,263,6.0,6.0,3494,5.0,2,132.0,0.0,1090.0
HJS0072,73,27,26.0,26.0,216,82.0,3,13.0,4.0,90.0
HKB0418,664,332,0.0,0.0,2922,0.0,1,148.0,0.0,0.0
HKF0831,692,346,0.0,0.0,336,0.0,1,346.0,0.0,140.0
HKI0171,691,346,0.0,0.0,4971,0.0,1,345.0,0.0,2015.0
HKR0628,1157,448,0.0,0.0,4998,0.0,3,171.0,0.0,2005.0
HLH0512,1002,501,0.0,0.0,1425,0.0,10,0.0,276.0,432.0
HLM0933,692,346,0.0,0.0,3050,0.0,1,346.0,0.0,615.0
HMM0108,200,80,100.0,98.0,540,345.0,2,0.0,0.0,171.0
HMW0713,692,346,0.0,0.0,335,0.0,1,346.0,0.0,73.0
HOB0994,692,346,0.0,0.0,2979,0.0,1,346.0,0.0,587.0
HPH0075,1125,404,3180.0,3165.0,7435,9323.0,1,199.0,163.0,2281.0
HPM0986,692,346,0.0,0.0,4697,0.0,1,346.0,0.0,0.0
HPR0585,953,346,0.0,0.0,336,0.0,1,0.0,0.0,131.0
HRB0351,1143,420,133.0,131.0,6750,2662.0,38,171.0,103.0,698.0
HRD0635,352,140,0.0,0.0,269,0.0,12,108.0,0.0,106.0
HRL0540,1014,371,2968.0,2956.0,2988,1777.0,2,377.0,0.0,911.0
HRW0550,692,346,0.0,0.0,3019,0.0,1,168.0,0.0,637.0
HSB0196,988,494,3805.0,3790.0,5103,11627.0,1,38.0,247.0,1535.0
HSD0457,692,346,0.0,0.0,336,0.0,1,164.0,0.0,37.0
HSG0818,965,346,0.0,0.0,3038,0.0,1,346.0,0.0,630.0
HSP0290,692,346,0.0,0.0,338,0.0,1,0.0,0.0,76.0
HTF0641,692,346,0.0,0.0,1019,0.0,1,346.0,0.0,401.0
HTH0007,961,348,0.0,0.0,9116,0.0,3,348.0,0.0,893.0
HVB0037,806,403,0.0,0.0,5454,0.0,1,403.0,104.0,582.0
HVF0067,999,362,694.0,690.0,3058,2023.0,17,169.0,0.0,1250.0
HWH0646,975,346,0.0,0.0,1014,0.0,1,346.0,0.0,405.0
HWM0342,730,365,0.0,0.0,1019,0.0,2,348.0,0.0,109.0
HWW0436,1215,470,664.0,653.0,3331,1245.0,3,201.0,5.0,1024.0
HWY0038,898,449,0.0,0.0,1138,0.0,285,647.0,0.0,125.0
HXL0968,422,211,468.0,464.0,211,477.0,1,211.0,0.0,53.0
IAR0694,1395,539,0.0,0.0,3481,0.0,3,215.0,188.0,1386.0
IAT0263,372,186,0.0,0.0,1762,0.0,1,186.0,0.0,510.0
IBB0359,3086,1410,3935.0,3917.0,3631,3199.0,604,1674.0,4.0,1089.0
IBB0696,1004,367,708.0,700.0,333,986.0,3,349.0,0.0,100.0
IBM0671,979,360,145.0,142.0,3342,802.0,2,170.0,0.0,1019.0
IBP0883,1121,425,0.0,0.0,996,0.0,1,148.0,12.0,304.0
IBS0836,1141,419,388.0,386.0,359,624.0,3,432.0,100.0,118.0
ICH0294,858,429,666.0,660.0,335,2509.0,3,0.0,0.0,131.0
ICS0956,502,251,0.0,0.0,244,0.0,1,251.0,0.0,25.0
IDO0176,692,346,0.0,0.0,5026,0.0,1,346.0,0.0,0.0
IEB0153,766,383,0.0,0.0,1806,0.0,2,0.0,42.0,546.0
IHK0841,692,346,0.0,0.0,336,0.0,1,346.0,0.0,0.0
IIA0092,692,346,0.0,0.0,2992,0.0,1,346.0,0.0,571.0
IIL0513,878,439,0.0,0.0,1329,0.0,1,0.0,176.0,133.0
IIW0249,870,435,3375.0,3360.0,3402,473.0,21,228.0,98.0,332.0
IJM0139,692,346,0.0,0.0,337,0.0,1,0.0,0.0,0.0
IJM0444,1221,481,373.0,368.0,3000,1840.0,3,206.0,3.0,1190.0
IJM0776,342,171,350.0,344.0,515,344.0,1,0.0,0.0,106.0
IJR0825,692,346,0.0,0.0,338,0.0,1,346.0,0.0,138.0
IJW0851,692,346,0.0,0.0,5041,0.0,1,329.0,0.0,0.0
IKP0472,1637,621,519.0,514.0,481,812.0,2,238.0,465.0,195.0
IKR0401,574,287,569.0,565.0,2495,554.0,1,323.0,0.0,507.0
ILC0838,692,346,0.0,0.0,338,0.0,1,346.0,0.0,35.0
ILH0958,1203,466,150.0,150.0,337,2970.0,27,414.0,0.0,107.0
ILJ0526,1337,524,378.0,376.0,1089,1236.0,28,0.0,95.0,346.0
ILR0304,692,346,0.0,0.0,333,0.0,1,0.0,0.0,35.0
IMB0481,692,346,0.0,0.0,5006,0.0,1,0.0,0.0,1016.0
IMG0320,692,346,0.0,0.0,5032,0.0,1,346.0,0.0,992.0
IMP0530,692,346,0.0,0.0,1008,0.0,1,0.0,0.0,193.0
IRM0931,1747,684,505.0,499.0,4157,2278.0,2,607.0,450.0,1697.0
IRT0491,692,346,0.0,0.0,5019,0.0,1,0.0,0.0,1024.0
IUB0565,468,234,494.0,492.0,2057,503.0,1,0.0,0.0,427.0
IUY0279,987,364,0.0,0.0,3030,0.0,3,0.0,0.0,1187.0
IWM0816,968,346,0.0,0.0,3013,0.0,1,346.0,0.0,935.0
IYB0918,692,346,0.0,0.0,3024,0.0,1,346.0,0.0,309.0
JAD0609,876,438,0.0,0.0,4968,0.0,3,177.0,0.0,1972.0
JAJ0849,1465,560,0.0,0.0,427,0.0,3,553.0,296.0,132.0
JAM0382,692,346,0.0,0.0,2998,0.0,1,156.0,0.0,604.0
JAV0361,2768,1384,0.0,0.0,3659,0.0,625,1695.0,0.0,749.0
JBD0616,1002,362,2991.0,2977.0,5030,339.0,2,167.0,0.0,1530.0
JBM0350,868,434,0.0,0.0,4752,0.0,3,501.0,10.0,488.0
JCC0225,2750,1375,0.0,0.0,3708,0.0,639,2014.0,0.0,0.0
JCG0316,1203,469,697.0,690.0,4986,2161.0,2,368.0,0.0,1491.0
JCR0172,1130,407,170.0,168.0,5926,406.0,1,407.0,153.0,1803.0
JCR0289,692,346,0.0,0.0,338,0.0,1,0.0,0.0,43.0
JCR0770,692,346,0.0,0.0,1003,0.0,1,0.0,0.0,410.0
JCR0921,692,346,0.0,0.0,3040,0.0,1,346.0,0.0,595.0
JCV0245,692,346,0.0,0.0,3039,0.0,1,160.0,0.0,305.0
JCW0858,692,346,0.0,0.0,4981,0.0,1,346.0,0.0,522.0
JDB0169,966,346,2743.0,2721.0,4657,7791.0,1,346.0,0.0,476.0
JDC0030,1406,512,190.0,190.0,5071,724.0,3,480.0,368.0,2006.0
JDF0593,1313,508,3153.0,3143.0,351,403.0,3,128.0,68.0,45.0
JER0404,692,346,0.0,0.0,3022,0.0,1,377.0,0.0,0.0
JFC0557,961,346,1399.0,1386.0,3002,2839.0,1,0.0,0.0,1180.0
JFC0757,692,346,0.0,0.0,1056,0.0,1,0.0,0.0,0.0
JGM0934,970,346,0.0,0.0,3017,0.0,1,346.0,0.0,1208.0
JGT0221,1172,586,2.0,2.0,1452,1.0,368,852.0,0.0,276.0
JHP0583,1391,538,817.0,812.0,390,1589.0,3,94.0,183.0,153.0
JIG0128,692,346,0.0,0.0,3030,0.0,1,346.0,0.0,0.0
JIM0095,692,346,0.0,0.0,3677,0.0,1,346.0,0.0,401.0
JJB0127,692,346,0.0,0.0,2973,0.0,1,346.0,0.0,0.0
JJB0700,742,371,0.0,0.0,337,0.0,2,350.0,0.0,129.0
JJH0292,1042,384,0.0,0.0,339,0.0,3,0.0,6.0,100.0
JJH0613,1147,436,1049.0,1046.0,5027,1641.0,2,173.0,0.0,1978.0
JJM0203,686,262,428.0,426.0,1876,425.0,2,234.0,0.0,722.0
JKB0126,691,346,0.0,0.0,3024,0.0,1,346.0,0.0,0.0
JKF0465,840,420,0.0,0.0,403,0.0,1,195.0,128.0,47.0
JKJ0698,943,472,0.0,0.0,429,0.0,31,461.0,204.0,55.0
JKM0303,692,346,0.0,0.0,330,0.0,1,0.0,0.0,77.0
JLM0364,2628,1314,2.0,2.0,3537,1.0,598,1614.0,0.0,366.0
JLW0053,692,346,0.0,0.0,4717,0.0,1,396.0,0.0,0.0
JMB0308,314,157,8.0,8.0,2203,10.0,1,160.0,0.0,452.0
JMC0925,1284,505,0.0,0.0,3372,0.0,5,462.0,10.0,1347.0
JMD0520,1127,428,664.0,651.0,1009,1893.0,36,59.0,4.0,301.0
JMH0543,632,228,0.0,0.0,2003,0.0,1,116.0,0.0,207.0
JMK0099,1200,465,141.0,138.0,2989,555.0,3,381.0,0.0,906.0
JML0909,967,346,0.0,0.0,1010,0.0,1,0.0,0.0,425.0
JMW0638,692,346,0.0,0.0,1007,0.0,1,346.0,0.0,207.0
JNA0559,691,346,0.0,0.0,3020,0.0,1,0.0,0.0,0.0
JNJ0556,691,346,3003.0,2992.0,3009,7977.0,1,0.0,0.0,901.0
JOL0024,692,346,0.0,0.0,3640,0.0,1,346.0,0.0,725.0
JOM0750,692,346,0.0,0.0,5045,0.0,1,147.0,0.0,0.0
JPA0667,692,346,0.0,0.0,2980,0.0,1,172.0,0.0,1193.0
JPW0741,692,346,0.0,0.0,4984,0.0,1,163.0,0.0,0.0
JRF0835,692,346,0.0,0.0,339,0.0,1,346.0,0.0,75.0
JRG0207,574,287,23.0,23.0,3842,27.0,1,291.0,1.0,748.0
JRH0455,110,55,0.0,0.0,51,0.0,1,28.0,0.0,3.0
JRL0574,692,346,0.0,0.0,331,0.0,1,0.0,0.0,0.0
JRS0362,2776,1388,0.0,0.0,3689,0.0,636,1676.0,0.0,0.0
JSA0775,692,346,0.0,0.0,991,0.0,1,0.0,0.0,400.0
JSH0330,692,346,0.0,0.0,1049,0.0,1,346.0,0.0,92.0
JTM0223,1378,630,2.0,2.0,1489,1.0,361,879.0,0.0,591.0
JTS0389,846,423,136.0,134.0,3335,376.0,3,174.0,0.0,324.0
JXH0493,692,346,0.0,0.0,5008,0.0,1,0.0,0.0,538.0
JZD0888,692,346,0.0,0.0,996,0.0,1,0.0,0.0,0.0
KAC0124,692,346,0.0,0.0,3058,0.0,1,346.0,0.0,0.0
KAL0395,692,346,0.0,0.0,3021,0.0,1,364.0,0.0,632.0
KAT0270,692,346,0.0,0.0,3045,0.0,1,346.0,0.0,1226.0
KAT0489,692,346,0.0,0.0,5023,0.0,1,0.0,0.0,2013.0
KBB0189,692,346,0.0,0.0,3719,0.0,1,346.0,0.0,785.0
KBC0054,692,346,0.0,0.0,2980,0.0,1,0.0,0.0,0.0
KBG0549,1019,369,108.0,108.0,3365,377.0,3,157.0,0.0,1009.0
KBL0260,692,346,0.0,0.0,3014,0.0,1,346.0,0.0,0.0
KBP0008,1197,464,0.0,0.0,9145,0.0,2,377.0,0.0,2775.0
KBS0874,962,346,0.0,0.0,5062,0.0,1,346.0,0.0,2013.0
KCB0815,971,346,0.0,0.0,3061,0.0,1,346.0,0.0,331.0
KCF0045,2780,1390,0.0,0.0,3654,0.0,640,1993.0,0.0,739.0
KCO0122,1161,442,703.0,701.0,3033,1593.0,2,492.0,14.0,892.0
KCS0173,1098,413,360.0,354.0,4679,260.0,3,359.0,0.0,1893.0
KDS0349,692,346,0.0,0.0,4745,0.0,1,166.0,0.0,0.0
KDT0346,968,346,0.0,0.0,1003,0.0,1,346.0,0.0,410.0
KES0729,998,366,0.0,0.0,5014,0.0,3,163.0,0.0,1501.0
KJA0152,692,346,0.0,0.0,3687,0.0,1,0.0,0.0,0.0
KJG0910,692,346,0.0,0.0,991,0.0,1,0.0,0.0,203.0
KJJ0293,1115,424,345.0,342.0,333,530.0,2,0.0,0.0,140.0
KJM0887,692,346,0.0,0.0,1005,0.0,1,0.0,0.0,387.0
KJP0371,2788,1394,0.0,0.0,3700,0.0,635,1682.0,0.0,1473.0
KJS0618,692,346,0.0,0.0,5059,0.0,1,158.0,0.0,995.0
KJW0416,692,346,0.0,0.0,3037,0.0,1,161.0,0.0,0.0
KKC0683,692,346,0.0,0.0,3054,0.0,1,202.0,0.0,0.0
KKS0119,961,346,0.0,0.0,4684,0.0,1,346.0,0.0,1913.0
KKW0879,902,451,3257.0,3244.0,5158,1534.0,2,431.0,74.0,540.0
KLH0596,588,294,19.0,19.0,279,53.0,1,6.0,2.0,32.0
KLM0639,692,346,0.0,0.0,1018,0.0,1,346.0,0.0,0.0
KMB0922,1188,460,367.0,366.0,3027,1209.0,34,483.0,12.0,892.0
KMS0657,692,346,0.0,0.0,1006,0.0,1,346.0,0.0,0.0
KMW0545,967,346,129.0,128.0,3025,493.0,1,161.0,0.0,934.0
KNB0022,692,346,0.0,0.0,3646,0.0,1,346.0,0.0,748.0
KNG0672,602,301,0.0,0.0,2611,0.0,1,144.0,0.0,507.0
KNW0644,692,346,0.0,0.0,1015,0.0,1,346.0,0.0,212.0
KPC0073,308,154,8.0,8.0,1311,0.0,1,83.0,0.0,512.0
KPP0452,692,346,0.0,0.0,341,0.0,1,157.0,0.0,65.0
KPR0497,1200,461,0.0,0.0,5028,0.0,2,0.0,0.0,2023.0
KQC0708,692,346,0.0,0.0,336,0.0,1,346.0,0.0,0.0
KQS0415,692,346,0.0,0.0,3032,0.0,1,163.0,0.0,641.0
KRG0158,692,346,0.0,0.0,3710,0.0,1,346.0,0.0,755.0
KRL0062,692,346,0.0,0.0,3691,0.0,1,346.0,0.0,0.0
KRL0501,530,265,568.0,562.0,3871,578.0,1,0.0,0.0,0.0
KRM0541,728,364,0.0,0.0,3022,0.0,19,160.0,0.0,324.0
KRV0372,2820,1410,0.0,0.0,3711,0.0,630,1742.0,0.0,1502.0
KSH0569,692,346,0.0,0.0,2998,0.0,1,0.0,0.0,1195.0
KSP0357,1890,945,0.0,0.0,2496,0.0,519,1136.0,0.0,506.0
KSP0966,692,346,0.0,0.0,333,0.0,1,346.0,0.0,0.0
KTG0091,692,346,0.0,0.0,2992,0.0,1,346.0,0.0,595.0
KVS0425,692,346,0.0,0.0,3014,0.0,1,157.0,0.0,615.0
KVT0028,692,346,0.0,0.0,3041,0.0,1,356.0,0.0,592.0
KWC0004,692,346,0.0,0.0,8997,0.0,1,161.0,0.0,897.0
KWE0082,967,346,717.0,707.0,3028,2234.0,1,165.0,0.0,889.0
LAF0991,959,346,0.0,0.0,3025,0.0,1,346.0,0.0,1230.0
LAM0911,952,346,0.0,0.0,4728,0.0,1,346.0,0.0,965.0
LAP0338,1362,488,0.0,0.0,1420,0.0,1,488.0,378.0,132.0
LBC0356,3053,1391,0.0,0.0,3696,0.0,636,1670.0,0.0,1521.0
LBF0214,1673,658,471.0,470.0,6135,1236.0,2,621.0,386.0,1865.0
LBH0942,1272,453,3903.0,3882.0,3918,10889.0,1,453.0,303.0,411.0
LCB0664,1099,417,2977.0,2961.0,4697,414.0,2,168.0,0.0,1424.0
LCC0819,314,157,350.0,350.0,1413,337.0,1,157.0,0.0,0.0
LCD0622,692,346,0.0,0.0,4977,0.0,1,155.0,0.0,0.0
LDB0090,692,346,0.0,0.0,3657,0.0,1,346.0,0.0,355.0
LDD0560,100,50,0.0,0.0,400,0.0,3,12.0,19.0,132.0
LDG0459,1149,435,157.0,155.0,332,480.0,3,163.0,0.0,105.0
LDM0587,692,346,0.0,0.0,335,0.0,1,0.0,0.0,37.0
LEM0605,692,346,0.0,0.0,4958,0.0,1,153.0,0.0,944.0
LFS0071,692,346,0.0,0.0,3061,0.0,1,153.0,0.0,0.0
LHB0606,164,82,0.0,0.0,1161,0.0,1,40.0,0.0,235.0
LHB0967,692,346,0.0,0.0,330,0.0,1,346.0,0.0,0.0
LHL0309,692,346,0.0,0.0,4981,0.0,1,346.0,0.0,981.0
LHN0151,692,346,0.0,0.0,1680,0.0,1,0.0,0.0,158.0
LIM0674,1206,468,133.0,131.0,3071,185.0,2,216.0,35.0,930.0
LJB0826,692,346,0.0,0.0,336,0.0,1,346.0,0.0,80.0
LJJ0905,732,366,0.0,0.0,1026,0.0,2,0.0,0.0,399.0
LJR0523,341,171,6.0,6.0,480,3.0,1,10.0,4.0,198.0
LJT0817,1021,382,655.0,648.0,3024,1927.0,2,349.0,0.0,1197.0
LLV0602,692,346,0.0,0.0,5058,0.0,1,169.0,0.0,496.0
LMF0980,962,346,0.0,0.0,3690,0.0,1,346.0,0.0,1469.0
LNR0656,692,346,0.0,0.0,1015,0.0,1,346.0,0.0,0.0
LNS0989,1133,431,0.0,0.0,3037,0.0,2,366.0,0.0,1210.0
LOF0311,692,346,0.0,0.0,5030,0.0,1,346.0,0.0,1014.0
LOM0086,402,147,286.0,284.0,1237,438.0,2,138.0,0.0,361.0
LPC0492,744,372,0.0,0.0,5075,0.0,3,0.0,0.0,1537.0
LPH0572,74,37,0.0,0.0,36,0.0,1,0.0,0.0,15.0
LQC0479,402,201,9.0,9.0,2853,22.0,1,8.0,0.0,0.0
LQP0508,1151,438,0.0,0.0,991,0.0,3,0.0,0.0,292.0
LRR0148,1378,537,788.0,781.0,5427,907.0,3,502.0,171.0,1644.0
LRW0970,692,346,0.0,0.0,337,0.0,1,346.0,0.0,125.0
LTS0860,692,346,0.0,0.0,5096,0.0,1,346.0,0.0,504.0
LUR0896,806,403,0.0,0.0,867,0.0,3,101.0,8.0,106.0
MAD0496,236,118,0.0,0.0,1727,0.0,1,0.0,46.0,160.0
MAD0753,692,346,0.0,0.0,5049,0.0,1,168.0,0.0,1040.0
MAE0331,692,346,0.0,0.0,1022,0.0,1,346.0,0.0,210.0
MAH0149,967,346,0.0,0.0,3720,0.0,1,0.0,0.0,1517.0
MAH0864,692,346,0.0,0.0,5046,0.0,1,346.0,0.0,1010.0
MAR0955,604,302,21.0,21.0,284,69.0,1,307.0,2.0,0.0
MAS0025,412,206,16.0,15.0,2706,55.0,1,211.0,0.0,0.0
MAW0166,692,346,0.0,0.0,4665,0.0,1,346.0,0.0,0.0
MBG0438,470,235,0.0,0.0,2009,0.0,1,118.0,0.0,414.0
MBJ0312,1002,360,1029.0,1018.0,5053,1019.0,3,349.0,0.0,1530.0
MBR0724,692,346,0.0,0.0,338,0.0,1,346.0,0.0,0.0
MBW0809,60,30,0.0,0.0,258,0.0,1,30.0,0.0,104.0
MCD0125,585,221,66.0,66.0,1542,434.0,2,190.0,115.0,477.0
MCF0327,692,346,0.0,0.0,5031,0.0,1,346.0,0.0,0.0
MCF0600,616,308,36.0,36.0,239,102.0,2,14.0,109.0,22.0
MCJ0324,692,346,0.0,0.0,4982,0.0,1,346.0,0.0,1026.0
MCS0035,692,346,0.0,0.0,4650,0.0,1,346.0,0.0,0.0
MCT0720,692,346,0.0,0.0,337,0.0,1,346.0,0.0,0.0
MDH0580,592,296,631.0,626.0,295,622.0,1,0.0,0.0,117.0
MDH0686,1332,487,0.0,0.0,4020,0.0,3,289.0,316.0,1634.0
MDM0625,1093,408,2733.0,2719.0,5341,8346.0,2,161.0,0.0,574.0
MDM0976,692,346,0.0,0.0,3700,0.0,1,168.0,0.0,0.0
MES0407,692,346,0.0,0.0,2998,0.0,1,154.0,0.0,1192.0
MFV0897,692,346,0.0,0.0,996,0.0,1,0.0,0.0,0.0
MGS0974,842,421,142.0,141.0,4073,162.0,2,172.0,78.0,1235.0
MHA0798,692,346,0.0,0.0,3030,0.0,1,0.0,0.0,0.0
MHG0244,692,346,0.0,0.0,2977,0.0,1,170.0,0.0,0.0
MHG0733,692,346,0.0,0.0,4973,0.0,1,154.0,0.0,0.0
MHH0180,759,274,0.0,0.0,805,0.0,1,274.0,102.0,82.0
MIB0904,972,346,0.0,0.0,1014,0.0,1,0.0,0.0,303.0
MIC0726,692,346,0.0,0.0,5039,0.0,1,167.0,0.0,1009.0
MIL0255,692,346,0.0,0.0,3036,0.0,1,346.0,0.0,620.0
MIM0712,692,346,0.0,0.0,339,0.0,1,346.0,0.0,140.0
MJB0588,692,346,0.0,0.0,372,0.0,1,0.0,0.0,43.0
MJM0510,1190,462,0.0,0.0,1005,0.0,4,0.0,0.0,421.0
MJS0890,692,346,0.0,0.0,1022,0.0,1,0.0,0.0,425.0
MKG0711,692,346,0.0,0.0,337,0.0,1,346.0,0.0,0.0
MKL0941,692,346,0.0,0.0,2973,0.0,1,346.0,0.0,0.0
MKP0861,966,346,0.0,0.0,4983,0.0,1,346.0,0.0,1993.0
MKS0204,692,346,0.0,0.0,3682,0.0,1,346.0,0.0,390.0
MKW0441,1026,377,700.0,693.0,1011,421.0,8,177.0,2.0,424.0
MLD0755,956,346,0.0,0.0,5065,0.0,1,156.0,0.0,2023.0
MLG0475,692,346,0.0,0.0,337,0.0,1,155.0,0.0,84.0
MLL0598,692,346,2779.0,2766.0,335,353.0,1,0.0,0.0,43.0
MLM0950,1349,509,850.0,844.0,404,2752.0,3,476.0,248.0,130.0
MLP0668,692,346,0.0,0.0,3034,0.0,1,164.0,0.0,1205.0
MMB0488,620,310,0.0,0.0,4439,0.0,1,0.0,0.0,898.0
MMG0943,930,465,0.0,0.0,2999,0.0,3,462.0,0.0,1182.0
MNC0717,1170,455,0.0,0.0,338,0.0,3,369.0,0.0,103.0
MNR0829,692,346,0.0,0.0,331,0.0,1,346.0,0.0,80.0
MNS0224,2826,1413,0.0,0.0,3688,0.0,659,2057.0,0.0,724.0
MOH0273,802,401,3155.0,3140.0,3463,9306.0,1,401.0,106.0,370.0
MOP0763,692,346,0.0,0.0,995,0.0,1,0.0,0.0,0.0
MOS0047,1651,756,888.0,886.0,1892,1593.0,416,1084.0,0.0,736.0
MPM0220,2005,920,2494.0,2484.0,2307,6689.0,456,1337.0,3.0,241.0
MPT0376,1183,449,410.0,405.0,3195,1054.0,3,174.0,59.0,959.0
MSD0939,692,346,0.0,0.0,2993,0.0,1,346.0,0.0,301.0
MSG0839,692,346,0.0,0.0,335,0.0,1,346.0,0.0,41.0
MSH0040,2100,1050,0.0,0.0,2711,0.0,540,1554.0,0.0,1104.0
MSO0222,1900,950,2.0,2.0,2546,1.0,490,1437.0,0.0,0.0
MSS0001,960,346,0.0,0.0,12034,0.0,1,157.0,0.0,1206.0
MSZ0310,692,346,0.0,0.0,5011,0.0,1,346.0,0.0,1012.0
MTB0620,972,346,1005.0,999.0,5042,1971.0,1,158.0,0.0,2043.0
MTT0901,78,29,90.0,90.0,82,187.0,1,0.0,0.0,41.0
MVB0515,1148,436,367.0,364.0,1000,1777.0,21,0.0,0.0,389.0
MVF0594,692,346,0.0,0.0,335,0.0,1,0.0,0.0,0.0
MVH0373,494,247,0.0,0.0,701,0.0,165,292.0,0.0,143.0
MYD0978,510,255,7.0,7.0,2687,15.0,1,135.0,2.0,547.0
NAB0801,692,346,0.0,0.0,3028,0.0,1,0.0,0.0,310.0
NAB0903,692,346,0.0,0.0,1063,0.0,1,0.0,0.0,0.0
NAF0033,688,344,0.0,0.0,4678,0.0,1,344.0,0.0,952.0
NAF0326,1599,622,900.0,890.0,7121,2446.0,48,516.0,365.0,2186.0
NAH0503,930,465,0.0,0.0,5750,0.0,2,59.0,107.0,1711.0
NAR0981,692,346,0.0,0.0,3022,0.0,1,346.0,0.0,1206.0
NBC0412,698,349,0.0,0.0,3367,0.0,4,148.0,0.0,1048.0
NBH0256,692,346,0.0,0.0,3022,0.0,1,346.0,0.0,1210.0
NCE0097,692,346,0.0,0.0,3032,0.0,1,346.0,0.0,286.0
NCH0179,692,346,0.0,0.0,3707,0.0,1,346.0,0.0,1485.0
NCK0295,692,346,0.0,0.0,334,0.0,1,0.0,0.0,0.0
NCK0421,692,346,0.0,0.0,2995,0.0,1,151.0,0.0,0.0
NCO0666,972,350,0.0,0.0,3028,0.0,2,157.0,0.0,906.0
NDM0417,1161,441,692.0,687.0,3044,1284.0,2,171.0,0.0,1211.0
NGC0058,984,492,175.0,175.0,3713,200.0,36,483.0,202.0,1113.0
NGF0157,1261,466,143.0,141.0,3540,305.0,2,497.0,164.0,1062.0
NGO0690,968,346,0.0,0.0,3017,0.0,1,212.0,0.0,921.0
NHE0919,958,346,0.0,0.0,3037,0.0,1,346.0,0.0,1241.0
NHH0185,710,355,0.0,0.0,1006,0.0,10,352.0,0.0,116.0
NIH0969,974,347,0.0,0.0,330,0.0,2,347.0,0.0,96.0
NJB0243,752,376,0.0,0.0,3045,0.0,2,157.0,0.0,284.0
NJC0705,692,346,0.0,0.0,337,0.0,1,346.0,0.0,37.0
NKH0807,692,346,0.0,0.0,3028,0.0,1,346.0,0.0,597.0
NKH0979,1163,441,0.0,0.0,3735,0.0,3,415.0,0.0,1534.0
NKP0236,710,355,123.0,123.0,2993,299.0,1,177.0,0.0,310.0
NLO0131,692,346,0.0,0.0,335,0.0,1,0.0,0.0,0.0
NMB0972,692,346,0.0,0.0,336,0.0,1,346.0,0.0,38.0
NMC0486,692,346,0.0,0.0,5044,0.0,1,0.0,0.0,0.0
NMF0780,692,346,0.0,0.0,1000,0.0,1,0.0,0.0,418.0
NMG0766,692,346,0.0,0.0,1002,0.0,1,0.0,0.0,109.0
NMS0280,908,454,155.0,152.0,1260,321.0,19,0.0,178.0,375.0
NNA0610,692,346,0.0,0.0,5045,0.0,1,168.0,0.0,0.0
NNS0059,692,346,0.0,0.0,3033,0.0,1,345.0,0.0,1214.0
NOB0181,1531,570,527.0,520.0,1368,1703.0,3,503.0,390.0,426.0
NRD0548,612,306,0.0,0.0,2635,0.0,1,138.0,0.0,0.0
NRF0137,692,346,0.0,0.0,334,0.0,1,0.0,0.0,0.0
NRO0768,644,322,0.0,0.0,941,0.0,1,0.0,0.0,94.0
NSC0597,726,363,0.0,0.0,333,0.0,3,0.0,0.0,109.0
NSS0876,692,346,0.0,0.0,4962,0.0,1,346.0,0.0,0.0
NUL0471,958,346,0.0,0.0,333,0.0,1,158.0,0.0,132.0
NWK0215,1356,503,0.0,0.0,5547,0.0,1,551.0,294.0,1672.0
NWT0098,638,319,653.0,646.0,2829,702.0,1,319.0,0.0,578.0
OBH0499,1469,562,3706.0,3689.0,6229,594.0,2,71.0,280.0,1837.0
OCB0805,692,346,0.0,0.0,3028,0.0,1,0.0,0.0,318.0
OCS0865,1005,369,659.0,651.0,5347,873.0,2,352.0,0.0,2161.0
OHC0973,692,346,0.0,0.0,334,0.0,1,346.0,0.0,0.0
OJK0233,692,346,0.0,0.0,3041,0.0,1,349.0,0.0,591.0
OKB0439,692,346,0.0,0.0,3044,0.0,1,166.0,0.0,1178.0
OKC0107,692,346,0.0,0.0,3007,0.0,1,0.0,0.0,619.0
OLB0749,196,98,0.0,0.0,1444,0.0,1,54.0,0.0,0.0
OLF0504,692,346,0.0,0.0,5032,0.0,1,0.0,0.0,0.0
OLW0689,959,346,714.0,704.0,3025,1242.0,1,188.0,0.0,1188.0
OMM0944,692,346,0.0,0.0,336,0.0,1,346.0,0.0,0.0
OMS0101,692,346,0.0,0.0,3022,0.0,1,346.0,0.0,599.0
ONL0276,692,346,0.0,0.0,3018,0.0,1,346.0,0.0,303.0
ONW0083,692,346,0.0,0.0,3002,0.0,1,157.0,0.0,632.0
OQH0183,692,346,0.0,0.0,1004,0.0,1,346.0,0.0,96.0
ORB0473,692,346,0.0,0.0,333,0.0,1,164.0,0.0,132.0
ORG0339,692,346,0.0,0.0,1023,0.0,1,346.0,0.0,110.0
ORM0669,870,435,0.0,0.0,3019,0.0,2,176.0,0.0,1193.0
OSH0655,692,346,0.0,0.0,1014,0.0,1,346.0,0.0,220.0
OYM0026,754,377,0.0,0.0,2994,0.0,3,0.0,0.0,297.0
PAD0773,1119,421,124.0,123.0,1012,2558.0,3,0.0,0.0,115.0
PBP0002,692,346,0.0,0.0,3629,0.0,1,151.0,0.0,0.0
PDH0716,1024,373,677.0,670.0,337,1723.0,3,354.0,0.0,128.0
PDW0259,1039,386,0.0,0.0,2998,0.0,40,379.0,0.0,309.0
PES0085,960,346,0.0,0.0,3694,0.0,1,346.0,0.0,1489.0
PEV0323,1100,414,0.0,0.0,5304,0.0,3,443.0,14.0,1593.0
PGC0066,692,346,0.0,0.0,3676,0.0,1,156.0,0.0,737.0
PGH0184,635,229,0.0,0.0,673,0.0,1,229.0,0.0,276.0
PGO0433,692,346,0.0,0.0,2993,0.0,1,164.0,0.0,637.0
PID0426,902,451,0.0,0.0,3001,0.0,19,317.0,15.0,898.0
PIS0522,1123,431,0.0,0.0,994,0.0,3,0.0,0.0,390.0
PKB0281,692,346,0.0,0.0,3021,0.0,1,0.0,0.0,0.0
PKB0429,692,346,0.0,0.0,3022,0.0,1,157.0,0.0,614.0
PLH0715,692,346,0.0,0.0,332,0.0,1,346.0,0.0,70.0
PLH0862,692,346,0.0,0.0,5044,0.0,1,346.0,0.0,0.0
PMC0328,967,346,670.0,664.0,1003,656.0,1,346.0,0.0,314.0
PMJ0564,1211,469,0.0,0.0,3014,0.0,2,52.0,2.0,1196.0
PMV0850,1077,406,376.0,372.0,340,490.0,3,388.0,0.0,38.0
PNH0761,870,435,121.0,121.0,992,2106.0,3,99.0,11.0,113.0
PNL0301,312,156,330.0,323.0,164,296.0,1,0.0,0.0,36.0
POB0343,692,346,0.0,0.0,1009,0.0,1,346.0,0.0,0.0
PPF0435,588,294,27.0,27.0,2759,1.0,1,146.0,0.0,281.0
PRM0740,692,346,0.0,0.0,4999,0.0,1,158.0,0.0,0.0
PSF0133,380,190,408.0,405.0,200,449.0,1,0.0,0.0,0.0
PTH0552,957,346,0.0,0.0,3018,0.0,1,156.0,0.0,895.0
PTH0830,850,425,0.0,0.0,411,0.0,1,425.0,148.0,43.0
QCH0110,610,305,0.0,0.0,884,0.0,1,0.0,0.0,0.0
QJR0688,966,483,401.0,397.0,3532,1069.0,5,198.0,40.0,1085.0
QNF0205,692,346,0.0,0.0,3670,0.0,1,346.0,0.0,369.0
QNP0216,2814,1407,0.0,0.0,3710,0.0,639,2026.0,0.0,0.0
QOS0878,406,158,239.0,237.0,1547,127.0,9,120.0,88.0,618.0
QPM0727,692,346,0.0,0.0,4991,0.0,1,154.0,0.0,0.0
QRM0739,730,365,2989.0,2973.0,5400,8401.0,3,146.0,0.0,1665.0
QSV0778,692,346,0.0,0.0,1011,0.0,1,0.0,0.0,0.0
RAB0589,707,275,4.0,4.0,191,2.0,9,8.0,2.0,67.0
RAG0275,692,346,0.0,0.0,2993,0.0,1,346.0,0.0,598.0
RAH0440,692,346,0.0,0.0,3024,0.0,1,156.0,0.0,0.0
RAM0447,1255,449,0.0,0.0,432,0.0,1,205.0,276.0,133.0
RAR0725,342,171,348.0,348.0,176,355.0,1,171.0,0.0,24.0
RAS0432,949,346,0.0,0.0,2984,0.0,1,163.0,0.0,1176.0
RAW0915,1203,441,438.0,434.0,3490,459.0,28,414.0,147.0,1060.0
RBB0485,692,346,0.0,0.0,5019,0.0,1,0.0,0.0,0.0
RCC0617,692,346,0.0,0.0,5053,0.0,1,141.0,0.0,0.0
RCP0785,692,346,0.0,0.0,1004,0.0,1,0.0,0.0,0.0
RDM0115,692,346,0.0,0.0,3677,0.0,1,346.0,0.0,754.0
RDM0150,692,346,0.0,0.0,1679,0.0,1,0.0,0.0,168.0
RDT0424,1108,418,359.0,351.0,3012,464.0,3,175.0,0.0,913.0
RFP0380,692,346,0.0,0.0,2996,0.0,1,156.0,0.0,654.0
RGG0064,627,226,6.0,6.0,1900,12.0,1,229.0,0.0,734.0
RGH0728,562,281,0.0,0.0,4114,0.0,1,135.0,0.0,810.0
RGN0408,691,346,0.0,0.0,3026,0.0,1,172.0,0.0,1197.0
RHC0335,692,346,0.0,0.0,1006,0.0,1,346.0,0.0,0.0
RHL0992,504,183,370.0,365.0,1575,370.0,4,181.0,0.0,479.0
RHO0732,1358,545,690.0,684.0,5015,855.0,3,312.0,11.0,1497.0
RHP0484,1030,377,0.0,0.0,5302,0.0,3,0.0,0.0,539.0
RHY0079,716,358,0.0,0.0,6102,0.0,2,0.0,0.0,605.0
RIH0777,692,346,0.0,0.0,996,0.0,1,0.0,0.0,199.0
RJB0088,692,346,0.0,0.0,3002,0.0,1,346.0,0.0,0.0
RJM0381,728,364,0.0,0.0,3024,0.0,3,155.0,0.0,1213.0
RKD0604,308,154,20.0,20.0,2179,49.0,1,89.0,1.0,207.0
RKF0164,670,335,0.0,0.0,2926,0.0,1,335.0,0.0,869.0
RLB0719,728,364,0.0,0.0,331,0.0,1,381.0,3.0,109.0
RLG0856,1021,370,371.0,367.0,4908,334.0,1,394.0,5.0,1442.0
RMS0266,692,346,0.0,0.0,3002,0.0,1,346.0,0.0,0.0
RMW0542,322,161,373.0,370.0,1406,330.0,1,79.0,0.0,0.0
RNF0765,692,346,0.0,0.0,993,0.0,1,0.0,0.0,0.0
RNL0695,960,346,0.0,0.0,3029,0.0,1,212.0,0.0,610.0
RNP0211,971,346,1073.0,1056.0,4664,2638.0,1,346.0,0.0,1869.0
ROB0272,691,346,0.0,0.0,3002,0.0,1,345.0,0.0,0.0
RRA0938,954,346,0.0,0.0,3017,0.0,1,346.0,0.0,1205.0
RRC0553,212,77,81.0,80.0,675,1342.0,2,40.0,35.0,67.0
RRP0568,1017,368,381.0,376.0,2989,1450.0,2,0.0,0.0,917.0
RSC0089,1350,535,2896.0,2880.0,3208,865.0,27,506.0,66.0,960.0
RSM0277,1205,465,393.0,387.0,2993,393.0,3,410.0,0.0,904.0
RTO0313,1167,445,0.0,0.0,5015,0.0,2,477.0,14.0,1501.0
RUM0880,1053,393,701.0,697.0,5004,2199.0,2,413.0,8.0,1991.0
RVC0232,692,346,0.0,0.0,3068,0.0,1,353.0,0.0,609.0
RVF0201,1001,366,345.0,342.0,3692,252.0,2,352.0,0.0,1090.0
RYB0718,692,346,0.0,0.0,336,0.0,1,346.0,0.0,69.0
RZC0746,1453,528,0.0,0.0,6893,0.0,10,222.0,374.0,2089.0
SAA0999,985,355,2992.0,2979.0,3016,8468.0,2,346.0,0.0,916.0
SAB0781,968,346,369.0,364.0,1003,1441.0,1,0.0,0.0,398.0
SAC0592,960,346,0.0,0.0,341,0.0,1,0.0,0.0,129.0
SAC0687,692,346,0.0,0.0,3034,0.0,1,346.0,0.0,299.0
SAH0599,692,346,0.0,0.0,334,0.0,1,0.0,0.0,75.0
SAK0375,2828,1414,0.0,0.0,3649,0.0,629,1700.0,0.0,1439.0
SAP0867,292,146,0.0,0.0,2138,0.0,1,146.0,0.0,0.0
SAT0194,692,346,0.0,0.0,3649,0.0,1,0.0,0.0,747.0
SBD0913,692,346,0.0,0.0,1008,0.0,1,346.0,0.0,394.0
SBH0537,1080,386,140.0,138.0,4812,428.0,1,0.0,85.0,1431.0
SBK0161,1150,443,0.0,0.0,6001,0.0,3,13.0,0.0,1836.0
SBN0495,692,346,0.0,0.0,5107,0.0,1,0.0,0.0,1004.0
SBN0866,744,372,377.0,374.0,5047,5864.0,1,398.0,3.0,1543.0
SBN0971,898,449,176.0,174.0,434,577.0,1,449.0,188.0,135.0
SBQ0786,692,346,0.0,0.0,4659,0.0,1,0.0,0.0,978.0
SCB0534,692,346,0.0,0.0,1014,0.0,1,0.0,0.0,0.0
SCF0608,692,346,0.0,0.0,5377,0.0,1,165.0,0.0,529.0
SCP0130,918,459,717.0,710.0,1001,1615.0,2,0.0,0.0,387.0
SDB0106,1120,424,0.0,0.0,3031,0.0,3,0.0,0.0,902.0
SDF0017,692,346,0.0,0.0,3690,0.0,1,167.0,0.0,754.0
SDO0170,953,346,0.0,0.0,5016,0.0,1,346.0,0.0,1496.0
SED0886,1172,454,0.0,0.0,1014,0.0,2,56.0,6.0,325.0
SEJ0677,352,176,0.0,0.0,1535,0.0,1,78.0,0.0,0.0
SER0165,692,346,0.0,0.0,3699,0.0,1,346.0,0.0,0.0
SES0477,968,346,0.0,0.0,5005,0.0,1,0.0,0.0,2004.0
SGB0140,1189,461,0.0,0.0,336,0.0,3,0.0,0.0,130.0
SGG0787,948,346,0.0,0.0,4651,0.0,1,346.0,0.0,1827.0
SGM0021,971,346,1039.0,1030.0,3682,2596.0,1,346.0,0.0,1107.0
SGS0268,692,346,0.0,0.0,3026,0.0,1,346.0,0.0,310.0
SHR0334,692,346,0.0,0.0,1011,0.0,1,346.0,0.0,0.0
SHW0578,692,346,0.0,0.0,333,0.0,1,0.0,0.0,81.0
SIJ0661,692,346,0.0,0.0,4681,0.0,1,154.0,0.0,442.0
SJC0333,914,457,0.0,0.0,1011,0.0,2,367.0,0.0,415.0
SJF0094,692,346,0.0,0.0,3360,0.0,1,346.0,0.0,1024.0
SJO0209,1227,474,133.0,131.0,4775,372.0,3,387.0,0.0,1895.0
SJW0451,692,346,0.0,0.0,339,0.0,1,174.0,0.0,0.0
SKG0759,692,346,0.0,0.0,1002,0.0,1,0.0,0.0,406.0
SLB0049,692,346,0.0,0.0,6061,0.0,1,0.0,0.0,1295.0
SLP0762,692,346,0.0,0.0,1002,0.0,1,0.0,0.0,196.0
SLT0907,346,173,0.0,0.0,499,0.0,1,0.0,0.0,104.0
SMB0804,692,346,0.0,0.0,3039,0.0,1,0.0,0.0,0.0
SMH0291,1541,584,0.0,0.0,467,0.0,3,0.0,402.0,57.0
SMW0084,692,346,0.0,0.0,3044,0.0,1,159.0,0.0,647.0
SMY0792,1102,416,380.0,378.0,3021,1209.0,20,0.0,0.0,890.0
SNC0187,600,300,126.0,125.0,876,2321.0,1,300.0,0.0,266.0
SNS0129,692,346,0.0,0.0,3717,0.0,1,346.0,0.0,765.0
SOB0360,1780,890,0.0,0.0,2436,0.0,479,1059.0,0.0,0.0
SOB0586,692,346,0.0,0.0,331,0.0,1,0.0,0.0,0.0
SOF0808,692,346,0.0,0.0,3027,0.0,1,346.0,0.0,602.0
SOG0411,692,346,0.0,0.0,3003,0.0,1,154.0,0.0,1204.0
SPA0141,1102,414,0.0,0.0,3635,0.0,1,474.0,14.0,1482.0
SRH0155,1212,470,0.0,0.0,3892,0.0,3,441.0,45.0,1139.0
SRS0231,692,346,0.0,0.0,3024,0.0,1,411.0,0.0,314.0
SSG0250,972,346,0.0,0.0,3015,0.0,1,156.0,0.0,1218.0
SSH0799,1209,472,0.0,0.0,3001,0.0,3,0.0,0.0,598.0
SSJ0784,1453,545,0.0,0.0,1291,0.0,1,169.0,326.0,382.0
SSR0278,392,196,0.0,0.0,1688,0.0,1,0.0,0.0,0.0
SSS0345,692,346,0.0,0.0,1011,0.0,1,346.0,0.0,0.0
SVL0803,692,346,0.0,0.0,3033,0.0,1,0.0,0.0,327.0
SVL0940,692,346,0.0,0.0,2991,0.0,1,346.0,0.0,602.0
SVS0871,1208,470,0.0,0.0,5038,0.0,3,368.0,0.0,2005.0
SXM0895,692,346,0.0,0.0,1003,0.0,1,0.0,0.0,103.0
TAC0300,692,346,0.0,0.0,344,0.0,1,0.0,0.0,0.0
TAP0551,664,247,5.0,5.0,1960,21.0,3,118.0,2.0,584.0
TBT0461,692,346,0.0,0.0,339,0.0,1,161.0,0.0,76.0
TCD0009,692,346,0.0,0.0,3674,0.0,1,0.0,0.0,756.0
TDG0962,1220,473,0.0,0.0,336,0.0,2,365.0,0.0,102.0
TDJ0998,968,346,0.0,0.0,3013,0.0,1,346.0,0.0,626.0
TDS0984,1323,487,174.0,172.0,3735,3378.0,39,443.0,252.0,386.0
TEB0251,1004,368,0.0,0.0,3029,0.0,2,148.0,0.0,902.0
TEM0093,494,247,0.0,0.0,2158,0.0,1,247.0,0.0,417.0
TEM0977,692,346,0.0,0.0,3694,0.0,1,167.0,0.0,0.0
TET0621,938,469,0.0,0.0,5032,0.0,3,164.0,0.0,1993.0
THD0448,692,346,0.0,0.0,334,0.0,1,163.0,0.0,34.0
THR0873,740,370,2742.0,2724.0,5032,8525.0,2,378.0,2.0,1566.0
TIW0299,692,346,0.0,0.0,337,0.0,1,0.0,0.0,79.0
TJB0302,692,346,0.0,0.0,334,0.0,1,0.0,0.0,37.0
TJD0996,692,346,0.0,0.0,3015,0.0,1,346.0,0.0,1212.0
TJG0582,692,346,0.0,0.0,336,0.0,1,0.0,0.0,0.0
TLH0648,692,346,0.0,0.0,1011,0.0,1,346.0,0.0,0.0
TLK0993,692,346,0.0,0.0,3014,0.0,1,346.0,0.0,0.0
TLM0797,692,346,0.0,0.0,3009,0.0,1,0.0,0.0,1166.0
TMA0069,692,346,0.0,0.0,3057,0.0,1,164.0,0.0,608.0
TNM0961,772,295,494.0,490.0,247,526.0,3,290.0,0.0,88.0
TOR0193,1007,368,0.0,0.0,3640,0.0,3,0.0,0.0,1510.0
TPH0474,692,346,0.0,0.0,388,0.0,1,169.0,0.0,0.0
TQS0212,704,352,0.0,0.0,4661,0.0,7,352.0,0.0,1407.0
TRK0914,691,346,0.0,0.0,3002,0.0,1,346.0,0.0,623.0
TSB0437,692,346,0.0,0.0,1020,0.0,1,163.0,0.0,110.0
TSG0906,954,346,0.0,0.0,1008,0.0,1,0.0,0.0,421.0
TSM0363,2794,1397,0.0,0.0,3629,0.0,624,1701.0,0.0,752.0
TSM0927,692,346,0.0,0.0,3096,0.0,1,346.0,0.0,622.0
TSR0676,965,346,716.0,708.0,3015,532.0,1,159.0,0.0,908.0
TTD1000,692,346,0.0,0.0,3000,0.0,1,346.0,0.0,608.0
TUC0632,692,346,0.0,0.0,1019,0.0,1,346.0,0.0,0.0
TVS0006,996,366,0.0,0.0,8994,0.0,3,0.0,0.0,3636.0
TVS0050,1339,533,0.0,0.0,6253,0.0,3,545.0,18.0,1880.0
TYB0779,962,346,0.0,0.0,989,0.0,1,0.0,0.0,420.0
UAD0771,1014,367,696.0,688.0,996,1873.0,2,0.0,0.0,309.0
UBF0645,692,346,0.0,0.0,1005,0.0,1,346.0,0.0,0.0
UCH0519,558,279,0.0,0.0,812,0.0,1,0.0,0.0,155.0
UCS0227,692,346,0.0,0.0,3048,0.0,1,351.0,0.0,0.0
UFK0208,1140,436,0.0,0.0,4709,0.0,2,361.0,0.0,911.0
UIR0043,2860,1430,0.0,0.0,3720,0.0,631,2072.0,0.0,761.0
UJC0737,692,346,0.0,0.0,4987,0.0,1,156.0,0.0,1011.0
USH0199,698,349,112.0,110.0,3052,142.0,4,351.0,0.0,952.0
VAA0087,1108,417,0.0,0.0,3011,0.0,3,365.0,0.0,922.0
VCC0396,1138,440,719.0,714.0,3021,1616.0,2,481.0,8.0,1226.0
VCY0751,966,346,0.0,0.0,5021,0.0,1,174.0,0.0,2010.0
VEB0935,692,346,0.0,0.0,3011,0.0,1,346.0,0.0,0.0
VFM0814,767,291,90.0,90.0,2110,122.0,2,248.0,0.0,227.0
VIA0063,692,346,2751.0,2737.0,4701,8524.0,1,171.0,0.0,439.0
VLB0647,692,346,0.0,0.0,1018,0.0,1,346.0,0.0,389.0
VMJ0147,692,346,0.0,0.0,4711,0.0,1,0.0,0.0,1846.0
VMJ0546,962,346,709.0,701.0,3016,3373.0,1,159.0,0.0,1235.0
VSA0230,905,345,98.0,96.0,2587,389.0,3,300.0,0.0,762.0
VSS0154,427,214,462.0,460.0,2301,405.0,1,0.0,0.0,675.0
VTT0385,758,379,2743.0,2727.0,2964,409.0,32,174.0,0.0,314.0
WAB0143,508,254,0.0,0.0,2211,0.0,1,254.0,0.0,0.0
WAS0254,963,346,0.0,0.0,3052,0.0,1,346.0,0.0,604.0
WBC0192,1034,381,134.0,132.0,4704,415.0,3,372.0,0.0,1863.0
WBC0315,692,346,0.0,0.0,5019,0.0,1,346.0,0.0,1039.0
WDD0366,2669,1219,6.0,6.0,3215,6.0,570,1456.0,0.0,994.0
WDO0870,876,438,0.0,0.0,4628,0.0,21,495.0,10.0,474.0
WDV0573,982,491,0.0,0.0,353,0.0,3,134.0,13.0,122.0
WGR0833,692,346,0.0,0.0,339,0.0,1,346.0,0.0,0.0
WGS0516,692,346,0.0,0.0,1006,0.0,1,0.0,0.0,0.0
WIF0691,972,356,2732.0,2723.0,3013,8267.0,2,207.0,0.0,291.0
WIQ0567,1240,442,437.0,430.0,3876,1955.0,1,0.0,267.0,1554.0
WJD0576,692,346,0.0,0.0,334,0.0,1,0.0,0.0,35.0
WKD0013,814,407,0.0,0.0,6076,0.0,3,77.0,12.0,623.0
WKF0012,692,346,0.0,0.0,6056,0.0,1,346.0,0.0,1211.0
WLV0566,692,346,0.0,0.0,3007,0.0,1,0.0,0.0,288.0
WNB0908,954,346,0.0,0.0,999,0.0,1,0.0,0.0,309.0
WPE0538,692,346,0.0,0.0,1007,0.0,1,0.0,0.0,411.0
WPR0368,3470,1735,0.0,0.0,4534,0.0,720,1988.0,650.0,431.0
WRM0963,509,185,0.0,0.0,168,0.0,3,184.0,0.0,58.0
WSR0241,842,421,0.0,0.0,3349,0.0,30,163.0,0.0,1032.0
WTF0387,692,346,0.0,0.0,3034,0.0,1,154.0,0.0,618.0
WTR0563,692,346,0.0,0.0,2992,0.0,1,0.0,0.0,0.0
WVB0539,692,346,0.0,0.0,4629,0.0,1,155.0,0.0,467.0
WXH0872,950,475,702.0,701.0,5074,826.0,3,399.0,1.0,1525.0
XAA0104,967,346,138.0,136.0,3039,437.0,1,346.0,0.0,932.0
XBN0229,692,346,0.0,0.0,2991,0.0,1,361.0,0.0,608.0
XHG0902,692,346,0.0,0.0,1013,0.0,1,0.0,0.0,232.0
XHW0498,390,195,423.0,423.0,2827,386.0,1,0.0,0.0,1100.0
XLB0710,692,346,0.0,0.0,338,0.0,1,346.0,0.0,0.0
XRS0633,958,346,0.0,0.0,1012,0.0,1,346.0,0.0,216.0
XWD0923,688,250,525.0,522.0,2443,5915.0,1,250.0,0.0,764.0
YCE0983,692,346,0.0,0.0,3027,0.0,1,346.0,0.0,1217.0
YDN0198,976,354,0.0,0.0,3693,0.0,2,348.0,0.0,1102.0
YEV0793,692,346,0.0,0.0,3005,0.0,1,0.0,0.0,607.0
YIC0195,1174,448,0.0,0.0,3716,0.0,3,0.0,233.0,1149.0
YJF0532,1150,435,0.0,0.0,994,0.0,3,0.0,0.0,285.0
YJV0699,692,346,0.0,0.0,340,0.0,1,346.0,0.0,0.0
YWW0660,522,261,0.0,0.0,771,0.0,1,261.0,0.0,0.0
ZCF0590,692,346,0.0,0.0,329,0.0,1,0.0,0.0,0.0
ZDW0859,991,363,0.0,0.0,5020,0.0,18,355.0,0.0,1542.0
ZFM0468,692,346,0.0,0.0,336,0.0,1,156.0,0.0,79.0
ZJE0857,786,393,0.0,0.0,5362,0.0,2,368.0,34.0,530.0
ZJS0269,692,346,0.0,0.0,3010,0.0,1,346.0,0.0,0.0
ZKS0899,770,385,2991.0,2977.0,1015,8537.0,2,0.0,0.0,104.0
ZMC0284,692,346,0.0,0.0,2997,0.0,1,0.0,0.0,627.0
ZSB0649,692,346,0.0,0.0,1017,0.0,1,346.0,0.0,413.0
ZSK0258,692,346,0.0,0.0,3000,0.0,1,346.0,0.0,325.0
ZSL0305,692,346,0.0,0.0,337,0.0,1,0.0,0.0,39.0
