login_count,logoff_count,usb_connect_count,usb_disconnect_count,email_count,file_activity_count,unique_pc_count,after_hours_login,weekend_activity,attachment_count,max_login_drift,weeks_with_anomalous_login,max_usb_drift,weeks_with_anomalous_usb
692,346,0.0,0.0,4711,0.0,1,0.0,0.0,953.0,1.3199178488951635,0,0.0,0.0
692,346,0.0,0.0,3012,0.0,1,0.0,0.0,0.0,1.3199178488951635,0,0.0,0.0
692,346,0.0,0.0,336,0.0,1,346.0,0.0,71.0,1.3199178488951635,0,0.0,0.0
692,346,0.0,0.0,339,0.0,1,346.0,0.0,78.0,1.3199178488951635,0,0.0,0.0
136,50,0.0,0.0,145,0.0,1,22.0,0.0,65.0,1.1927198519188364,0,0.0,0.0
692,346,0.0,0.0,336,0.0,1,159.0,0.0,67.0,1.3199178488951635,0,0.0,0.0
692,346,0.0,0.0,1000,0.0,1,165.0,0.0,0.0,1.3199178488951635,0,0.0,0.0
963,346,0.0,0.0,3015,0.0,1,346.0,0.0,351.0,1.5398592170919916,0,0.0,0.0
692,346,0.0,0.0,1006,0.0,1,346.0,0.0,104.0,1.3199178488951635,0,0.0,0.0
1002,369,0.0,0.0,340,0.0,2,348.0,0.0,37.0,1.9858608907009945,0,0.0,0.0
959,346,0.0,0.0,3023,0.0,1,159.0,0.0,602.0,1.4722083355798814,0,0.0,0.0
2724,1362,0.0,0.0,3676,0.0,618,1981.0,0.0,1113.0,2.0189869358717294,1,0.0,0.0
1279,509,0.0,0.0,3040,0.0,2,593.0,13.0,949.0,1.7663531128948753,0,0.0,0.0
968,346,0.0,0.0,3057,0.0,1,371.0,0.0,1208.0,1.4250381878095173,0,0.0,0.0
692,346,0.0,0.0,333,0.0,1,346.0,0.0,76.0,1.3199178488951635,0,0.0,0.0
692,346,0.0,0.0,3038,0.0,1,350.0,0.0,312.0,1.3199178488951635,0,0.0,0.0
692,346,0.0,0.0,336,0.0,1,346.0,0.0,0.0,1.3199178488951635,0,0.0,0.0
692,346,0.0,0.0,1003,0.0,1,346.0,0.0,0.0,1.3199178488951635,0,0.0,0.0
692,346,0.0,0.0,1012,0.0,1,346.0,0.0,198.0,1.3199178488951635,0,0.0,0.0
1197,442,0.0,0.0,3382,0.0,3,394.0,100.0,1002.0,1.8709381231845488,0,0.0,0.0
1162,431,150.0,149.0,376,199.0,22,395.0,87.0,126.0,1.974299808294255,0,2.651879999635641,1.0
465,171,0.0,0.0,463,0.0,2,162.0,0.0,146.0,1.1557827101377676,0,0.0,0.0
1183,458,394.0,388.0,3063,2198.0,3,176.0,9.0,917.0,1.6371762783186266,0,1.94974894767368,0.0
1207,466,2990.0,2973.0,328,1669.0,34,460.0,0.0,39.0,1.866362311089648,0,1.4575694166033906,0.0
692,346,0.0,0.0,2994,0.0,1,162.0,0.0,626.0,1.3199178488951635,0,0.0,0.0
692,346,0.0,0.0,5009,0.0,1,150.0,0.0,0.0,1.3199178488951635,0,0.0,0.0
1025,382,0.0,0.0,3044,0.0,1,430.0,8.0,892.0,1.7114346450357771,0,0.0,0.0
1000,364,366.0,363.0,3328,6182.0,2,348.0,0.0,988.0,1.706590077512507,0,2.451631764227396,1.0
692,346,0.0,0.0,2995,0.0,1,391.0,0.0,606.0,1.3199178488951635,0,0.0,0.0
692,346,0.0,0.0,364,0.0,1,346.0,0.0,45.0,1.3199178488951635,0,0.0,0.0
1202,452,150.0,144.0,3781,515.0,2,422.0,118.0,1192.0,2.162205975434341,2,2.3865301518603483,3.0
3267,1490,4261.0,4241.0,3927,11053.0,661,1787.0,142.0,1199.0,1.8605046681607127,0,1.8130151014480929,0.0
810,405,159.0,158.0,4976,236.0,1,456.0,7.0,529.0,1.7531546509306946,0,2.571488449504168,3.0
1034,382,0.0,0.0,338,0.0,1,235.0,6.0,102.0,1.7418079999210812,0,0.0,0.0
1177,456,1033.0,1028.0,5022,820.0,2,171.0,0.0,2034.0,1.857208009632418,0,2.157404889786095,1.0
692,346,0.0,0.0,337,0.0,1,346.0,0.0,0.0,1.3199178488951635,0,0.0,0.0
1258,446,0.0,0.0,6434,0.0,1,446.0,279.0,1949.0,1.7367491222481617,0,0.0,0.0
692,346,0.0,0.0,3047,0.0,1,346.0,0.0,617.0,1.3199178488951635,0,0.0,0.0
692,346,0.0,0.0,331,0.0,1,346.0,0.0,0.0,1.3199178488951635,0,0.0,0.0
692,346,0.0,0.0,1008,0.0,1,0.0,0.0,204.0,1.3199178488951635,0,0.0,0.0
692,346,0.0,0.0,1011,0.0,1,346.0,0.0,406.0,1.3199178488951635,0,0.0,0.0
692,346,0.0,0.0,3685,0.0,1,346.0,0.0,376.0,1.3199178488951635,0,0.0,0.0
470,235,0.0,0.0,680,0.0,1,0.0,116.0,83.0,0.6632494767968508,0,0.0,0.0
692,346,0.0,0.0,1004,0.0,1,346.0,0.0,400.0,1.3199178488951635,0,0.0,0.0
968,346,0.0,0.0,993,0.0,1,0.0,0.0,317.0,1.5622640873763594,0,0.0,0.0
692,346,0.0,0.0,2971,0.0,1,168.0,0.0,1183.0,1.3199178488951635,0,0.0,0.0
692,346,0.0,0.0,3039,0.0,1,345.0,0.0,606.0,1.3199178488951635,0,0.0,0.0
692,346,0.0,0.0,5984,0.0,1,346.0,0.0,1233.0,1.3199178488951635,0,0.0,0.0
692,346,0.0,0.0,337,0.0,1,169.0,0.0,67.0,1.3199178488951635,0,0.0,0.0
692,346,0.0,0.0,2957,0.0,1,0.0,0.0,618.0,1.3199178488951635,0,0.0,0.0
692,346,0.0,0.0,330,0.0,1,0.0,0.0,0.0,1.3199178488951635,0,0.0,0.0
692,346,0.0,0.0,6029,0.0,1,352.0,0.0,0.0,1.3199178488951635,0,0.0,0.0
1013,372,141.0,140.0,4974,230.0,1,389.0,5.0,502.0,1.7548186383914242,0,2.6024046080089747,3.0
692,346,0.0,0.0,2987,0.0,1,336.0,0.0,0.0,1.3199178488951635,0,0.0,0.0
692,346,0.0,0.0,4711,0.0,1,346.0,0.0,0.0,1.3199178488951635,0,0.0,0.0
1254,450,0.0,0.0,3956,0.0,1,546.0,275.0,398.0,1.7216326859153144,0,0.0,0.0
82,32,29.0,28.0,270,47.0,2,25.0,0.0,103.0,1.1293678311839808,0,1.0609108892332175,0.0
692,346,0.0,0.0,3009,0.0,1,153.0,0.0,0.0,1.3199178488951635,0,0.0,0.0
1022,371,0.0,0.0,3003,0.0,3,157.0,0.0,1205.0,1.8876488643170284,0,0.0,0.0
692,346,0.0,0.0,3638,0.0,1,162.0,0.0,409.0,1.3199178488951635,0,0.0,0.0
1186,440,407.0,402.0,370,1321.0,15,436.0,331.0,109.0,3.7526068006333184,3,2.5984807043582947,2.0
1149,440,0.0,0.0,3017,0.0,3,0.0,0.0,857.0,1.6575338364410588,0,0.0,0.0
692,346,0.0,0.0,330,0.0,1,0.0,0.0,73.0,1.3199178488951635,0,0.0,0.0
692,346,0.0,0.0,3018,0.0,1,346.0,0.0,594.0,1.3199178488951635,0,0.0,0.0
963,346,0.0,0.0,2981,0.0,1,161.0,0.0,1222.0,1.5464188622479145,0,0.0,0.0
422,211,0.0,0.0,207,0.0,1,211.0,0.0,49.0,0.3165104909423472,0,0.0,0.0
692,346,0.0,0.0,1016,0.0,1,0.0,0.0,386.0,1.3199178488951635,0,0.0,0.0
724,362,0.0,0.0,994,0.0,3,0.0,0.0,304.0,1.5926305750365068,0,0.0,0.0
692,346,0.0,0.0,4670,0.0,1,346.0,0.0,946.0,1.3199178488951635,0,0.0,0.0
530,265,0.0,0.0,2298,0.0,1,0.0,0.0,484.0,3.952154434074376,3,0.0,0.0
692,346,0.0,0.0,329,0.0,1,0.0,0.0,0.0,1.3199178488951635,0,0.0,0.0
692,346,0.0,0.0,3631,0.0,1,163.0,0.0,1475.0,1.3199178488951635,0,0.0,0.0
692,346,0.0,0.0,2990,0.0,1,211.0,0.0,304.0,1.3199178488951635,0,0.0,0.0
966,346,0.0,0.0,2992,0.0,1,158.0,0.0,625.0,1.4969110422591885,0,0.0,0.0
967,346,0.0,0.0,330,0.0,1,0.0,0.0,130.0,1.5511575978619745,0,0.0,0.0
692,346,0.0,0.0,4660,0.0,1,346.0,0.0,0.0,1.3199178488951635,0,0.0,0.0
961,346,0.0,0.0,1011,0.0,1,0.0,0.0,304.0,1.5543667704491029,0,0.0,0.0
956,346,0.0,0.0,331,0.0,1,346.0,0.0,138.0,1.5904120890950966,0,0.0,0.0
1427,524,210.0,209.0,7519,522.0,4,507.0,391.0,2298.0,1.6609744321554047,0,2.7550465166159634,2.0
692,346,0.0,0.0,3019,0.0,1,346.0,0.0,922.0,1.3199178488951635,0,0.0,0.0
1245,479,394.0,390.0,5103,1273.0,2,355.0,84.0,2009.0,2.134687808042649,1,2.1609882503893405,1.0
750,375,2998.0,2986.0,337,7701.0,30,385.0,0.0,40.0,1.743553170166477,0,1.462985910485655,0.0
692,346,0.0,0.0,1003,0.0,1,0.0,0.0,108.0,1.3199178488951635,0,0.0,0.0
930,465,0.0,0.0,5386,0.0,3,528.0,14.0,556.0,1.9066149520090123,0,0.0,0.0
776,388,140.0,139.0,986,2919.0,42,395.0,0.0,290.0,1.8226330692170027,0,3.893323643931978,2.0
692,346,0.0,0.0,340,0.0,1,346.0,0.0,74.0,1.3199178488951635,0,0.0,0.0
3146,1437,1130.0,1128.0,3696,2900.0,628,2070.0,4.0,1116.0,2.010878206049836,1,2.310977277473121,1.0
957,346,0.0,0.0,5016,0.0,1,161.0,0.0,1517.0,1.584807204276388,0,0.0,0.0
692,346,0.0,0.0,1001,0.0,1,346.0,0.0,100.0,1.3199178488951635,0,0.0,0.0
1011,368,368.0,361.0,5032,349.0,2,354.0,0.0,1517.0,1.7061534393843767,0,2.9279741843650435,2.0
692,346,0.0,0.0,3035,0.0,1,346.0,0.0,0.0,1.3199178488951635,0,0.0,0.0
996,498,154.0,151.0,3487,499.0,3,324.0,139.0,1047.0,2.713140548867182,1,2.423651090892997,1.0
938,361,0.0,0.0,2439,0.0,3,134.0,0.0,997.0,2.9659397244347163,6,0.0,0.0
692,346,0.0,0.0,1021,0.0,1,346.0,0.0,108.0,1.3199178488951635,0,0.0,0.0
1110,418,0.0,0.0,329,0.0,3,0.0,0.0,132.0,1.77428556253506,0,0.0,0.0
800,400,0.0,0.0,338,0.0,1,270.0,3.0,0.0,1.7966905682556955,0,0.0,0.0
1378,516,922.0,918.0,1302,2458.0,2,0.0,305.0,385.0,1.8672854540448325,0,2.117059954723041,1.0
692,346,0.0,0.0,5019,0.0,1,0.0,0.0,1524.0,1.3199178488951635,0,0.0,0.0
1096,406,394.0,386.0,5123,268.0,22,181.0,4.0,1528.0,1.7807351386593575,0,3.0071572670825657,2.0
692,346,0.0,0.0,4963,0.0,1,346.0,0.0,518.0,1.3199178488951635,0,0.0,0.0
926,463,0.0,0.0,2973,0.0,3,0.0,0.0,1183.0,2.1520373499792087,1,0.0,0.0
692,346,0.0,0.0,333,0.0,1,169.0,0.0,74.0,1.3199178488951635,0,0.0,0.0
1056,392,116.0,116.0,2984,418.0,1,254.0,14.0,303.0,1.8817389280158356,0,2.5458749505740466,1.0
692,346,0.0,0.0,4727,0.0,1,0.0,0.0,0.0,1.3199178488951635,0,0.0,0.0
692,346,0.0,0.0,3038,0.0,1,346.0,0.0,0.0,1.3199178488951635,0,0.0,0.0
884,442,2919.0,2902.0,1082,7841.0,1,132.0,68.0,348.0,1.991125665733664,0,2.080955123361361,1.0
966,351,2977.0,2963.0,338,8072.0,6,0.0,0.0,103.0,1.5002551410948703,0,1.48841304237009,0.0
692,346,0.0,0.0,4973,0.0,1,148.0,0.0,516.0,1.3199178488951635,0,0.0,0.0
2716,1358,0.0,0.0,3612,0.0,620,1605.0,0.0,708.0,1.9244493074092963,0,0.0,0.0
1109,413,0.0,0.0,3016,0.0,2,0.0,0.0,1242.0,1.7896614720680548,0,0.0,0.0
692,346,0.0,0.0,2981,0.0,1,346.0,0.0,605.0,1.3199178488951635,0,0.0,0.0
692,346,0.0,0.0,3034,0.0,1,156.0,0.0,0.0,1.3199178488951635,0,0.0,0.0
1005,367,2981.0,2974.0,3039,7692.0,1,388.0,6.0,331.0,1.9678675974682729,0,1.5336462291281554,0.0
692,346,0.0,0.0,1013,0.0,1,0.0,0.0,209.0,1.3199178488951635,0,0.0,0.0
252,126,0.0,0.0,1786,0.0,1,126.0,0.0,700.0,0.3314967720658986,0,0.0,0.0
744,372,713.0,707.0,1010,1903.0,2,0.0,0.0,396.0,1.778258688087076,0,1.8924881927032453,0.0
955,346,0.0,0.0,3008,0.0,1,166.0,0.0,1208.0,1.616463753472202,0,0.0,0.0
962,346,0.0,0.0,333,0.0,1,346.0,0.0,134.0,1.576732543645539,0,0.0,0.0
112,56,393.0,389.0,142,57.0,8,0.0,32.0,44.0,0.8366600265340756,0,0.6776133127732988,0.0
1552,603,898.0,894.0,4389,712.0,3,0.0,346.0,1302.0,2.2236269180208863,1,2.003855142032259,1.0
1015,373,2973.0,2959.0,3044,590.0,4,375.0,0.0,922.0,1.6039394482309468,0,1.4256260885199403,0.0
220,110,128.0,128.0,1497,1845.0,1,57.0,34.0,423.0,1.0748978581267177,0,1.748921639006157,0.0
692,346,0.0,0.0,3044,0.0,1,161.0,0.0,299.0,1.3199178488951635,0,0.0,0.0
692,346,0.0,0.0,3015,0.0,1,346.0,0.0,621.0,1.3199178488951635,0,0.0,0.0
692,346,0.0,0.0,3043,0.0,1,166.0,0.0,602.0,1.3199178488951635,0,0.0,0.0
728,364,0.0,0.0,335,0.0,2,163.0,0.0,132.0,1.8365772167311327,0,0.0,0.0
692,346,0.0,0.0,334,0.0,1,346.0,0.0,71.0,1.3199178488951635,0,0.0,0.0
1132,432,0.0,0.0,3031,0.0,17,363.0,0.0,1207.0,1.674553391464234,0,0.0,0.0
1114,426,380.0,376.0,3003,520.0,21,440.0,0.0,294.0,1.8974221748290785,0,2.733621899770845,2.0
692,346,0.0,0.0,5930,0.0,1,346.0,0.0,1214.0,1.3199178488951635,0,0.0,0.0
932,466,0.0,0.0,8950,0.0,2,360.0,0.0,3593.0,2.383816550456509,1,0.0,0.0
1585,625,879.0,870.0,3768,975.0,3,96.0,320.0,1139.0,2.039716091870412,2,2.18156780670189,1.0
236,118,0.0,0.0,327,0.0,2,0.0,0.0,43.0,2.294279049311059,2,0.0,0.0
692,346,0.0,0.0,3035,0.0,1,346.0,0.0,1205.0,1.3199178488951635,0,0.0,0.0
1335,532,129.0,128.0,3663,627.0,2,505.0,16.0,1118.0,1.8534450313667885,0,3.107941427554773,2.0
692,346,0.0,0.0,6058,0.0,1,143.0,0.0,0.0,1.3199178488951635,0,0.0,0.0
476,238,0.0,0.0,2060,0.0,1,116.0,0.0,0.0,0.3499271061118834,0,0.0,0.0
959,346,128.0,126.0,5372,641.0,1,155.0,0.0,1627.0,1.462207660986376,0,3.448905250119072,2.0
956,346,0.0,0.0,2946,0.0,1,165.0,0.0,1142.0,1.5526311286432464,0,0.0,0.0
1112,424,368.0,365.0,5335,931.0,15,166.0,0.0,1620.0,1.9268313483781696,0,2.2951114138161905,3.0
120,60,0.0,0.0,170,0.0,1,0.0,0.0,17.0,0.0,0,0.0,0.0
692,346,0.0,0.0,3038,0.0,1,346.0,0.0,0.0,1.3199178488951635,0,0.0,0.0
959,346,360.0,357.0,3033,759.0,1,225.0,0.0,907.0,1.5420804157152046,0,2.4221290981811947,3.0
692,346,0.0,0.0,338,0.0,1,346.0,0.0,0.0,1.3199178488951635,0,0.0,0.0
1201,466,381.0,378.0,1003,6290.0,3,19.0,1.0,293.0,1.587014249541182,0,2.553283932417724,1.0
3256,1498,0.0,0.0,3690,0.0,634,1730.0,0.0,770.0,1.9657473176943696,0,0.0,0.0
692,346,0.0,0.0,3019,0.0,1,364.0,0.0,612.0,1.3199178488951635,0,0.0,0.0
692,346,0.0,0.0,5029,0.0,1,0.0,0.0,1018.0,1.3199178488951635,0,0.0,0.0
692,346,0.0,0.0,3056,0.0,1,357.0,0.0,299.0,1.3199178488951635,0,0.0,0.0
692,346,0.0,0.0,1012,0.0,1,346.0,0.0,400.0,1.3199178488951635,0,0.0,0.0
1007,369,0.0,0.0,3049,0.0,2,189.0,0.0,1236.0,2.029708582800515,1,0.0,0.0
997,364,120.0,119.0,334,137.0,2,0.0,0.0,109.0,1.6415102834201216,0,1.962349921818068,0.0
692,346,0.0,0.0,335,0.0,1,155.0,0.0,67.0,1.3199178488951635,0,0.0,0.0
692,346,0.0,0.0,5114,0.0,1,346.0,0.0,510.0,1.3199178488951635,0,0.0,0.0
692,346,0.0,0.0,5096,0.0,1,346.0,0.0,0.0,1.3199178488951635,0,0.0,0.0
692,346,0.0,0.0,4717,0.0,1,346.0,0.0,968.0,1.3199178488951635,0,0.0,0.0
692,346,0.0,0.0,1009,0.0,1,0.0,0.0,194.0,1.3199178488951635,0,0.0,0.0
692,346,0.0,0.0,4610,0.0,1,346.0,0.0,890.0,1.3199178488951635,0,0.0,0.0
961,346,0.0,0.0,3001,0.0,1,0.0,0.0,613.0,1.5887725123678869,0,0.0,0.0
874,437,0.0,0.0,338,0.0,2,372.0,0.0,136.0,2.33331442005333,1,0.0,0.0
1096,414,375.0,370.0,1005,778.0,7,84.0,4.0,106.0,1.901656232401385,0,2.109434462394335,3.0
120,60,0.0,0.0,524,0.0,1,60.0,0.0,0.0,0.0,0,0.0,0.0
692,346,0.0,0.0,5046,0.0,1,163.0,0.0,0.0,1.3199178488951635,0,0.0,0.0
956,346,1082.0,1073.0,1020,2333.0,1,346.0,0.0,321.0,1.4759039677779366,0,2.228430580159302,1.0
692,346,0.0,0.0,1012,0.0,1,346.0,0.0,0.0,1.3199178488951635,0,0.0,0.0
692,346,0.0,0.0,4648,0.0,1,0.0,0.0,939.0,1.3199178488951635,0,0.0,0.0
1221,472,368.0,365.0,338,1228.0,3,442.0,0.0,118.0,1.8645891656587608,0,2.531728462900497,1.0
692,346,0.0,0.0,3689,0.0,1,0.0,0.0,383.0,1.3199178488951635,0,0.0,0.0
997,363,725.0,717.0,2991,1552.0,3,354.0,0.0,878.0,1.805990853710042,0,2.0395308196995288,1.0
460,230,0.0,0.0,2004,0.0,2,229.0,0.0,182.0,2.5786464083433907,1,0.0,0.0
692,346,0.0,0.0,5031,0.0,1,0.0,0.0,1009.0,1.3199178488951635,0,0.0,0.0
1100,421,0.0,0.0,3030,0.0,2,106.0,10.0,910.0,1.692788362421611,0,0.0,0.0
692,346,0.0,0.0,337,0.0,1,154.0,0.0,0.0,1.3199178488951635,0,0.0,0.0
692,346,0.0,0.0,337,0.0,1,346.0,0.0,0.0,1.3199178488951635,0,0.0,0.0
692,346,0.0,0.0,3674,0.0,1,346.0,0.0,0.0,1.3199178488951635,0,0.0,0.0
692,346,0.0,0.0,326,0.0,1,0.0,0.0,136.0,1.3199178488951635,0,0.0,0.0
928,464,0.0,0.0,1334,0.0,1,0.0,226.0,125.0,1.549587922160519,0,0.0,0.0
1034,381,0.0,0.0,335,0.0,2,379.0,3.0,104.0,1.958663793953775,0,0.0,0.0
963,346,0.0,0.0,1006,0.0,1,0.0,0.0,411.0,1.560358476971577,0,0.0,0.0
692,346,0.0,0.0,3029,0.0,1,155.0,0.0,655.0,1.3199178488951635,0,0.0,0.0
692,346,0.0,0.0,5036,0.0,1,0.0,0.0,0.0,1.3199178488951635,0,0.0,0.0
692,346,0.0,0.0,3045,0.0,1,159.0,0.0,596.0,1.3199178488951635,0,0.0,0.0
692,346,0.0,0.0,3015,0.0,1,346.0,0.0,1188.0,1.3199178488951635,0,0.0,0.0
692,346,0.0,0.0,337,0.0,1,346.0,0.0,0.0,1.3199178488951635,0,0.0,0.0
848,424,2988.0,2978.0,1000,7246.0,1,148.0,17.0,297.0,1.843717379516556,0,1.406104335670462,0.0
692,346,0.0,0.0,1011,0.0,1,0.0,0.0,0.0,1.3199178488951635,0,0.0,0.0
1196,459,0.0,0.0,4988,0.0,3,378.0,0.0,1993.0,1.8203586415199464,0,0.0,0.0
692,346,0.0,0.0,332,0.0,1,346.0,0.0,36.0,1.3199178488951635,0,0.0,0.0
692,346,0.0,0.0,336,0.0,1,0.0,0.0,0.0,1.3199178488951635,0,0.0,0.0
1378,518,0.0,0.0,5723,0.0,46,488.0,220.0,1690.0,1.8190493403710704,0,0.0,0.0
692,346,0.0,0.0,5005,0.0,1,0.0,0.0,0.0,1.3199178488951635,0,0.0,0.0
692,346,0.0,0.0,336,0.0,1,170.0,0.0,73.0,1.3199178488951635,0,0.0,0.0
692,346,0.0,0.0,996,0.0,1,0.0,0.0,0.0,1.3199178488951635,0,0.0,0.0
692,346,0.0,0.0,1007,0.0,1,0.0,0.0,0.0,1.3199178488951635,0,0.0,0.0
692,346,0.0,0.0,5950,0.0,1,174.0,0.0,637.0,1.3199178488951635,0,0.0,0.0
692,346,0.0,0.0,2994,0.0,1,0.0,0.0,1149.0,1.3199178488951635,0,0.0,0.0
596,298,0.0,0.0,2554,0.0,1,325.0,10.0,736.0,3.876465641698837,2,0.0,0.0
692,346,0.0,0.0,5016,0.0,1,346.0,0.0,0.0,1.3199178488951635,0,0.0,0.0
1006,503,129.0,129.0,5012,337.0,35,388.0,0.0,1510.0,2.6761388101312,1,2.556138183230482,2.0
963,346,137.0,134.0,334,243.0,1,346.0,0.0,107.0,1.4836654867775572,0,2.5739806438127,3.0
692,346,0.0,0.0,5068,0.0,1,162.0,0.0,497.0,1.3199178488951635,0,0.0,0.0
100,50,0.0,0.0,638,0.0,1,27.0,0.0,73.0,0.8432740427115685,0,0.0,0.0
997,370,0.0,0.0,3363,0.0,1,394.0,9.0,358.0,1.939201406522907,0,0.0,0.0
1009,367,0.0,0.0,3037,0.0,3,16.0,4.0,942.0,1.7083850442239144,0,0.0,0.0
692,346,0.0,0.0,335,0.0,1,156.0,0.0,135.0,1.3199178488951635,0,0.0,0.0
692,346,0.0,0.0,3715,0.0,1,160.0,0.0,0.0,1.3199178488951635,0,0.0,0.0
1294,493,0.0,0.0,5340,0.0,3,341.0,142.0,1594.0,2.364452373077097,1,0.0,0.0
692,346,0.0,0.0,1017,0.0,1,346.0,0.0,199.0,1.3199178488951635,0,0.0,0.0
692,346,0.0,0.0,338,0.0,1,346.0,0.0,0.0,1.3199178488951635,0,0.0,0.0
1208,465,0.0,0.0,3676,0.0,2,0.0,0.0,1136.0,1.7040165500278728,0,0.0,0.0
1010,371,2977.0,2965.0,3640,606.0,4,160.0,0.0,1085.0,2.1935205417347605,1,1.4952581096510509,0.0
1604,608,0.0,0.0,1467,0.0,3,698.0,447.0,451.0,1.742912886252386,0,0.0,0.0
963,350,0.0,0.0,334,0.0,1,354.0,0.0,109.0,1.6757585487818114,0,0.0,0.0
692,346,0.0,0.0,4974,0.0,1,0.0,0.0,1971.0,1.3199178488951635,0,0.0,0.0
692,346,0.0,0.0,3023,0.0,1,0.0,0.0,1217.0,1.3199178488951635,0,0.0,0.0
1188,457,0.0,0.0,2985,0.0,2,376.0,0.0,901.0,1.840955712191884,0,0.0,0.0
1122,426,348.0,346.0,4677,765.0,2,0.0,0.0,1382.0,1.896565087336428,0,2.1291634045563,1.0
692,346,0.0,0.0,1000,0.0,1,346.0,0.0,208.0,1.3199178488951635,0,0.0,0.0
210,105,0.0,0.0,301,0.0,1,0.0,0.0,0.0,0.2614903087261504,0,0.0,0.0
692,346,0.0,0.0,2983,0.0,1,0.0,0.0,576.0,1.3199178488951635,0,0.0,0.0
993,364,331.0,330.0,3008,352.0,3,160.0,0.0,907.0,1.881000969513669,0,2.155080987591577,2.0
116,58,0.0,0.0,109,0.0,5,16.0,33.0,36.0,0.9625382961946302,0,0.0,0.0
692,346,2976.0,2956.0,3001,8543.0,1,174.0,0.0,301.0,1.3199178488951635,0,1.474720448794693,0.0
692,346,0.0,0.0,3011,0.0,1,346.0,0.0,599.0,1.3199178488951635,0,0.0,0.0
748,374,0.0,0.0,3034,0.0,29,372.0,0.0,319.0,1.799389479694243,0,0.0,0.0
691,346,0.0,0.0,5068,0.0,1,0.0,0.0,1004.0,1.319892623385258,0,0.0,0.0
692,346,0.0,0.0,6027,0.0,1,346.0,0.0,1252.0,1.3199178488951635,0,0.0,0.0
692,346,0.0,0.0,5045,0.0,1,0.0,0.0,1046.0,1.3199178488951635,0,0.0,0.0
692,346,0.0,0.0,337,0.0,1,0.0,0.0,0.0,1.3199178488951635,0,0.0,0.0
692,346,0.0,0.0,1004,0.0,1,0.0,0.0,292.0,1.3199178488951635,0,0.0,0.0
1133,431,406.0,401.0,1012,6281.0,3,404.0,0.0,99.0,1.619822679316276,0,2.976903534021222,2.0
2714,1357,0.0,0.0,3725,0.0,614,1968.0,0.0,366.0,1.870228886976376,0,0.0,0.0
692,346,0.0,0.0,3007,0.0,1,163.0,0.0,0.0,1.3199178488951635,0,0.0,0.0
58,29,0.0,0.0,431,0.0,1,12.0,0.0,0.0,0.4082482904638638,0,0.0,0.0
658,329,0.0,0.0,4798,0.0,1,0.0,0.0,949.0,1.5260851565186158,0,0.0,0.0
964,346,0.0,0.0,4986,0.0,1,168.0,0.0,2025.0,1.4317360417944975,0,0.0,0.0
692,346,0.0,0.0,3025,0.0,1,346.0,0.0,633.0,1.3199178488951635,0,0.0,0.0
551,211,496.0,493.0,1418,1580.0,3,79.0,0.0,563.0,1.4849599926965484,0,2.2114825412611854,1.0
692,346,0.0,0.0,3007,0.0,1,351.0,0.0,0.0,1.3199178488951635,0,0.0,0.0
692,346,0.0,0.0,1022,0.0,1,346.0,0.0,0.0,1.3199178488951635,0,0.0,0.0
1209,470,683.0,676.0,4658,1314.0,3,384.0,0.0,1387.0,1.967761588153228,0,2.451679739697093,1.0
1002,361,0.0,0.0,6351,0.0,2,349.0,0.0,1929.0,1.4925339926213077,0,0.0,0.0
692,346,0.0,0.0,3003,0.0,1,186.0,0.0,0.0,1.3199178488951635,0,0.0,0.0
692,346,0.0,0.0,1007,0.0,1,346.0,0.0,308.0,1.3199178488951635,0,0.0,0.0
692,346,0.0,0.0,3025,0.0,1,165.0,0.0,605.0,1.3199178488951635,0,0.0,0.0
692,346,0.0,0.0,3040,0.0,1,361.0,0.0,327.0,1.3199178488951635,0,0.0,0.0
1367,511,3775.0,3758.0,7573,10673.0,3,477.0,294.0,2260.0,1.6807140253735644,0,1.659093909034434,0.0
949,346,0.0,0.0,2987,0.0,1,165.0,0.0,1202.0,1.6227908708082754,0,0.0,0.0
3038,1383,0.0,0.0,3691,0.0,633,1686.0,0.0,1526.0,1.8149828827605683,0,0.0,0.0
1160,445,689.0,682.0,3008,1499.0,2,492.0,16.0,1175.0,1.7672207563181703,0,2.069790859287568,1.0
982,355,0.0,0.0,5217,0.0,1,164.0,9.0,2072.0,1.8307908291755504,0,0.0,0.0
692,346,0.0,0.0,1008,0.0,1,346.0,0.0,314.0,1.3199178488951635,0,0.0,0.0
692,346,0.0,0.0,2986,0.0,1,0.0,0.0,613.0,1.3199178488951635,0,0.0,0.0
914,457,1066.0,1065.0,3017,1403.0,2,174.0,0.0,1201.0,1.8069384998664093,0,2.017045745618468,2.0
254,127,0.0,0.0,946,0.0,1,143.0,4.0,100.0,1.7477207971030355,0,0.0,0.0
884,442,0.0,0.0,3836,0.0,1,212.0,188.0,405.0,1.639422402363053,0,0.0,0.0
692,346,0.0,0.0,4936,0.0,1,170.0,0.0,981.0,1.3199178488951635,0,0.0,0.0
692,346,0.0,0.0,338,0.0,1,0.0,0.0,0.0,1.3199178488951635,0,0.0,0.0
1076,406,0.0,0.0,3311,0.0,4,160.0,0.0,975.0,1.7655991805918778,0,0.0,0.0
692,346,0.0,0.0,6019,0.0,1,346.0,0.0,0.0,1.3199178488951635,0,0.0,0.0
796,398,0.0,0.0,3022,0.0,3,384.0,0.0,907.0,1.81647242045494,0,0.0,0.0
692,346,0.0,0.0,3049,0.0,1,346.0,0.0,0.0,1.3199178488951635,0,0.0,0.0
692,346,0.0,0.0,3032,0.0,1,350.0,0.0,309.0,1.3199178488951635,0,0.0,0.0
104,39,15.0,15.0,34,358.0,3,16.0,0.0,12.0,1.3858697343671662,0,1.6484511834894675,0.0
692,346,0.0,0.0,3018,0.0,1,152.0,0.0,0.0,1.3199178488951635,0,0.0,0.0
422,211,0.0,0.0,207,0.0,1,211.0,0.0,0.0,0.3165104909423472,0,0.0,0.0
963,346,0.0,0.0,3041,0.0,1,346.0,0.0,1196.0,1.57817871045485,0,0.0,0.0
692,346,0.0,0.0,339,0.0,1,346.0,0.0,0.0,1.3199178488951635,0,0.0,0.0
88,44,0.0,0.0,304,0.0,2,35.0,0.0,100.0,0.9449111825230682,0,0.0,0.0
692,346,0.0,0.0,1009,0.0,1,0.0,0.0,0.0,1.3199178488951635,0,0.0,0.0
388,140,0.0,0.0,1239,0.0,1,64.0,0.0,372.0,1.0819412733065217,0,0.0,0.0
692,346,0.0,0.0,997,0.0,1,0.0,0.0,95.0,1.3199178488951635,0,0.0,0.0
1651,660,0.0,0.0,3767,0.0,3,370.0,321.0,1130.0,1.8836191377289948,0,0.0,0.0
692,346,0.0,0.0,3019,0.0,1,346.0,0.0,0.0,1.3199178488951635,0,0.0,0.0
692,346,0.0,0.0,3014,0.0,1,346.0,0.0,1208.0,1.3199178488951635,0,0.0,0.0
692,346,0.0,0.0,3017,0.0,1,346.0,0.0,0.0,1.3199178488951635,0,0.0,0.0
3052,1391,1323.0,1321.0,3287,3676.0,622,2039.0,0.0,1005.0,1.9842649367424452,0,1.817027981285389,0.0
691,346,0.0,0.0,1026,0.0,1,0.0,0.0,100.0,1.330017185963925,0,0.0,0.0
762,381,0.0,0.0,336,0.0,3,367.0,0.0,43.0,2.113533716652971,1,0.0,0.0
692,346,0.0,0.0,333,0.0,1,346.0,0.0,0.0,1.3199178488951635,0,0.0,0.0
692,346,0.0,0.0,1004,0.0,1,0.0,0.0,0.0,1.3199178488951635,0,0.0,0.0
965,346,0.0,0.0,990,0.0,1,0.0,0.0,377.0,1.571772159695516,0,0.0,0.0
692,346,0.0,0.0,4965,0.0,1,346.0,0.0,977.0,1.3199178488951635,0,0.0,0.0
692,346,0.0,0.0,3646,0.0,1,0.0,0.0,0.0,1.3199178488951635,0,0.0,0.0
722,361,130.0,130.0,998,181.0,3,0.0,0.0,112.0,1.8858488940032303,0,3.4921842316594214,2.0
771,288,0.0,0.0,2268,0.0,2,262.0,0.0,234.0,4.195010386744816,2,0.0,0.0
692,346,0.0,0.0,3029,0.0,1,346.0,0.0,602.0,1.3199178488951635,0,0.0,0.0
692,346,0.0,0.0,3053,0.0,1,167.0,0.0,590.0,1.3199178488951635,0,0.0,0.0
692,346,0.0,0.0,332,0.0,1,166.0,0.0,0.0,1.3199178488951635,0,0.0,0.0
692,346,0.0,0.0,1004,0.0,1,346.0,0.0,0.0,1.3199178488951635,0,0.0,0.0
692,346,0.0,0.0,327,0.0,1,0.0,0.0,129.0,1.3199178488951635,0,0.0,0.0
762,381,139.0,138.0,3049,2646.0,35,0.0,0.0,879.0,1.6533125276383729,0,2.9831839491644887,3.0
1030,515,185.0,181.0,4582,3303.0,3,211.0,258.0,455.0,2.102904574731708,1,2.6159636821680494,3.0
384,192,198.0,193.0,1475,509.0,2,88.0,0.0,570.0,1.646957209173863,0,2.464873731808788,2.0
692,346,0.0,0.0,3711,0.0,1,13.0,0.0,0.0,1.3199178488951635,0,0.0,0.0
834,417,0.0,0.0,3034,0.0,3,165.0,0.0,891.0,1.923654817072434,0,0.0,0.0
959,346,0.0,0.0,4649,0.0,1,346.0,0.0,1852.0,1.6215749085815805,0,0.0,0.0
692,346,0.0,0.0,4974,0.0,1,160.0,0.0,525.0,1.3199178488951635,0,0.0,0.0
1197,464,0.0,0.0,1015,0.0,2,415.0,0.0,423.0,2.1488840234889404,1,0.0,0.0
708,354,0.0,0.0,4723,0.0,1,353.0,0.0,925.0,1.2988537374943545,0,0.0,0.0
696,348,0.0,0.0,4704,0.0,1,4.0,0.0,0.0,1.685611520037312,0,0.0,0.0
796,398,0.0,0.0,5369,0.0,3,183.0,40.0,543.0,2.2498632842167963,1,0.0,0.0
692,346,0.0,0.0,4724,0.0,1,346.0,0.0,921.0,1.3199178488951635,0,0.0,0.0
1118,418,361.0,358.0,329,1157.0,2,0.0,0.0,102.0,1.7883837302111494,0,1.8988025704910567,0.0
745,292,418.0,415.0,566,961.0,2,51.0,5.0,227.0,1.7441956722358756,0,1.7236661319219144,0.0
910,455,0.0,0.0,4663,0.0,4,486.0,14.0,1453.0,2.1923167657604443,1,0.0,0.0
692,346,0.0,0.0,4993,0.0,1,173.0,0.0,1999.0,1.3199178488951635,0,0.0,0.0
692,346,0.0,0.0,337,0.0,1,346.0,0.0,0.0,1.3199178488951635,0,0.0,0.0
878,439,0.0,0.0,3006,0.0,2,359.0,0.0,1188.0,2.080205713845909,1,0.0,0.0
692,346,0.0,0.0,3032,0.0,1,346.0,0.0,289.0,1.3199178488951635,0,0.0,0.0
1345,489,172.0,172.0,4039,601.0,3,0.0,335.0,1630.0,1.818641077845285,0,2.4572826486857884,2.0
691,346,0.0,0.0,4668,0.0,1,345.0,0.0,892.0,1.330017185963925,0,0.0,0.0
1479,567,155.0,154.0,1242,165.0,2,0.0,255.0,360.0,1.791364910133036,0,2.670616150740164,3.0
692,346,0.0,0.0,340,0.0,1,346.0,0.0,0.0,1.3199178488951635,0,0.0,0.0
702,351,0.0,0.0,5005,0.0,6,346.0,0.0,1514.0,1.6370150218669903,0,0.0,0.0
692,346,0.0,0.0,3668,0.0,1,346.0,0.0,1470.0,1.3199178488951635,0,0.0,0.0
692,346,0.0,0.0,1004,0.0,1,0.0,0.0,407.0,1.3199178488951635,0,0.0,0.0
692,346,0.0,0.0,336,0.0,1,346.0,0.0,138.0,1.3199178488951635,0,0.0,0.0
670,335,0.0,0.0,2924,0.0,1,339.0,0.0,555.0,1.4411001327003718,0,0.0,0.0
692,346,0.0,0.0,6114,0.0,1,346.0,0.0,2467.0,1.3199178488951635,0,0.0,0.0
748,374,0.0,0.0,333,0.0,3,356.0,0.0,136.0,1.814402295157344,0,0.0,0.0
692,346,0.0,0.0,335,0.0,1,346.0,0.0,67.0,1.3199178488951635,0,0.0,0.0
692,346,0.0,0.0,3031,0.0,1,341.0,0.0,1207.0,1.3199178488951635,0,0.0,0.0
999,366,0.0,0.0,3003,0.0,21,0.0,0.0,884.0,1.5913515591367553,0,0.0,0.0
644,322,0.0,0.0,4673,0.0,1,146.0,0.0,936.0,1.62483128068145,0,0.0,0.0
692,346,0.0,0.0,5063,0.0,1,168.0,0.0,0.0,1.3199178488951635,0,0.0,0.0
692,346,0.0,0.0,337,0.0,1,346.0,0.0,44.0,1.3199178488951635,0,0.0,0.0
1035,379,0.0,0.0,375,0.0,2,355.0,0.0,102.0,1.7107621062857234,0,0.0,0.0
1125,406,134.0,133.0,4126,199.0,3,192.0,122.0,1245.0,1.9665156643782735,0,2.441249659704008,1.0
692,346,0.0,0.0,3008,0.0,1,163.0,0.0,643.0,1.3199178488951635,0,0.0,0.0
692,346,0.0,0.0,1001,0.0,1,0.0,0.0,0.0,1.3199178488951635,0,0.0,0.0
988,359,138.0,137.0,332,564.0,2,0.0,0.0,33.0,1.670666616355633,0,3.4945912909972727,2.0
1012,369,0.0,0.0,338,0.0,3,350.0,0.0,120.0,1.7475443075891104,0,0.0,0.0
808,404,716.0,712.0,336,1563.0,3,21.0,4.0,108.0,2.21146164282205,1,2.1128671566381843,2.0
692,346,0.0,0.0,339,0.0,1,0.0,0.0,129.0,1.3199178488951635,0,0.0,0.0
692,346,0.0,0.0,2998,0.0,1,159.0,0.0,292.0,1.3199178488951635,0,0.0,0.0
1217,473,363.0,360.0,6000,942.0,3,382.0,0.0,2446.0,1.7160567678000749,0,2.366941321580835,2.0
957,346,0.0,0.0,3687,0.0,1,158.0,0.0,1482.0,1.4698325591610772,0,0.0,0.0
692,346,0.0,0.0,5036,0.0,1,167.0,0.0,0.0,1.3199178488951635,0,0.0,0.0
1078,402,152.0,151.0,2947,3049.0,2,414.0,5.0,887.0,1.9989754058140232,0,2.5148257067159725,2.0
962,346,0.0,0.0,334,0.0,1,346.0,0.0,132.0,1.568086531423828,0,0.0,0.0
482,241,0.0,0.0,2104,0.0,1,125.0,0.0,0.0,0.3212864259352496,0,0.0,0.0
692,346,0.0,0.0,1002,0.0,1,346.0,0.0,110.0,1.3199178488951635,0,0.0,0.0
692,346,0.0,0.0,4978,0.0,1,164.0,0.0,1985.0,1.3199178488951635,0,0.0,0.0
692,346,0.0,0.0,3624,0.0,1,0.0,0.0,1465.0,1.3199178488951635,0,0.0,0.0
692,346,0.0,0.0,5078,0.0,1,346.0,0.0,0.0,1.3199178488951635,0,0.0,0.0
692,346,0.0,0.0,4699,0.0,1,346.0,0.0,446.0,1.3199178488951635,0,0.0,0.0
692,346,0.0,0.0,1003,0.0,1,0.0,0.0,0.0,1.3199178488951635,0,0.0,0.0
692,346,0.0,0.0,334,0.0,1,167.0,0.0,74.0,1.3199178488951635,0,0.0,0.0
1306,495,397.0,395.0,5847,304.0,2,195.0,144.0,1791.0,2.363300731857917,1,3.19433456437461,2.0
692,346,0.0,0.0,2989,0.0,1,0.0,0.0,608.0,1.3199178488951635,0,0.0,0.0
1703,656,214.0,210.0,4820,315.0,2,399.0,503.0,1422.0,2.0759498352363663,1,4.021726471351449,1.0
692,346,0.0,0.0,2985,0.0,1,156.0,0.0,639.0,1.3199178488951635,0,0.0,0.0
957,346,677.0,665.0,998,1900.0,1,0.0,0.0,298.0,1.624561246121445,0,2.29116317371219,1.0
692,346,0.0,0.0,3050,0.0,1,346.0,0.0,624.0,1.3199178488951635,0,0.0,0.0
692,346,0.0,0.0,3056,0.0,1,346.0,0.0,0.0,1.3199178488951635,0,0.0,0.0
692,346,0.0,0.0,2989,0.0,1,0.0,0.0,589.0,1.3199178488951635,0,0.0,0.0
692,346,0.0,0.0,1000,0.0,1,346.0,0.0,395.0,1.3199178488951635,0,0.0,0.0
692,346,0.0,0.0,3039,0.0,1,0.0,0.0,602.0,1.3199178488951635,0,0.0,0.0
1016,372,662.0,658.0,1017,723.0,2,355.0,0.0,315.0,1.767908447900198,0,2.33215998631585,1.0
692,346,2984.0,2971.0,3021,8167.0,1,346.0,0.0,897.0,1.3199178488951635,0,1.5106348177462372,0.0
692,346,1007.0,999.0,9097,3045.0,1,0.0,0.0,3659.0,1.3199178488951635,0,1.7697659347182093,0.0
957,346,0.0,0.0,5036,0.0,1,0.0,0.0,1542.0,1.6264400623265285,0,0.0,0.0
965,346,0.0,0.0,3054,0.0,1,171.0,0.0,1229.0,1.5700304720230087,0,0.0,0.0
692,346,0.0,0.0,4727,0.0,1,346.0,0.0,911.0,1.3199178488951635,0,0.0,0.0
1428,525,0.0,0.0,4143,0.0,26,495.0,361.0,398.0,2.240506281480706,1,0.0,0.0
692,346,691.0,686.0,3043,1577.0,1,346.0,0.0,1223.0,1.3199178488951635,0,2.17963419934046,2.0
692,346,0.0,0.0,337,0.0,1,165.0,0.0,78.0,1.3199178488951635,0,0.0,0.0
692,346,0.0,0.0,5016,0.0,1,151.0,0.0,0.0,1.3199178488951635,0,0.0,0.0
3035,1380,1364.0,1358.0,3626,3406.0,630,1701.0,0.0,1508.0,2.022939818502104,2,2.4590090094603307,1.0
528,264,96.0,94.0,767,1716.0,1,264.0,14.0,84.0,4.97662572279298,2,2.708191707686403,1.0
692,346,0.0,0.0,3021,0.0,1,168.0,0.0,620.0,1.3199178488951635,0,0.0,0.0
692,346,0.0,0.0,336,0.0,1,0.0,0.0,0.0,1.3199178488951635,0,0.0,0.0
692,346,0.0,0.0,3371,0.0,1,0.0,0.0,1009.0,1.3199178488951635,0,0.0,0.0
692,346,0.0,0.0,3007,0.0,1,167.0,0.0,632.0,1.3199178488951635,0,0.0,0.0
692,346,0.0,0.0,4713,0.0,1,162.0,0.0,479.0,1.3199178488951635,0,0.0,0.0
955,346,0.0,0.0,3712,0.0,1,169.0,0.0,1469.0,1.472520493765105,0,0.0,0.0
73,27,26.0,26.0,216,82.0,3,13.0,4.0,90.0,1.0147843288317735,0,1.3694249432972494,0.0
664,332,0.0,0.0,2922,0.0,1,148.0,0.0,0.0,1.494883565857589,0,0.0,0.0
692,346,0.0,0.0,336,0.0,1,346.0,0.0,140.0,1.3199178488951635,0,0.0,0.0
691,346,0.0,0.0,4971,0.0,1,345.0,0.0,2015.0,1.3198926233852584,0,0.0,0.0
1157,448,0.0,0.0,4998,0.0,3,171.0,0.0,2005.0,1.924898445639267,0,0.0,0.0
1002,501,0.0,0.0,1425,0.0,10,0.0,276.0,432.0,1.55102638823922,0,0.0,0.0
692,346,0.0,0.0,3050,0.0,1,346.0,0.0,615.0,1.3199178488951635,0,0.0,0.0
200,80,100.0,98.0,540,345.0,2,0.0,0.0,171.0,1.4540168172557622,0,1.7049858486761835,0.0
692,346,0.0,0.0,335,0.0,1,346.0,0.0,73.0,1.3199178488951635,0,0.0,0.0
692,346,0.0,0.0,2979,0.0,1,346.0,0.0,587.0,1.3199178488951635,0,0.0,0.0
1125,404,3180.0,3165.0,7435,9323.0,1,199.0,163.0,2281.0,2.155582312765677,1,2.1531595593163777,1.0
692,346,0.0,0.0,4697,0.0,1,346.0,0.0,0.0,1.3199178488951635,0,0.0,0.0
953,346,0.0,0.0,336,0.0,1,0.0,0.0,131.0,1.4990195673373343,0,0.0,0.0
1143,420,133.0,131.0,6750,2662.0,38,171.0,103.0,698.0,1.7964046996304102,0,3.2436294185923265,3.0
352,140,0.0,0.0,269,0.0,12,108.0,0.0,106.0,1.3860097510537164,0,0.0,0.0
1014,371,2968.0,2956.0,2988,1777.0,2,377.0,0.0,911.0,1.7113184405163044,0,1.5276539829185969,0.0
692,346,0.0,0.0,3019,0.0,1,168.0,0.0,637.0,1.3199178488951635,0,0.0,0.0
988,494,3805.0,3790.0,5103,11627.0,1,38.0,247.0,1535.0,1.6348168682510944,0,1.4740047164507226,0.0
692,346,0.0,0.0,336,0.0,1,164.0,0.0,37.0,1.3199178488951635,0,0.0,0.0
965,346,0.0,0.0,3038,0.0,1,346.0,0.0,630.0,1.567140481518133,0,0.0,0.0
692,346,0.0,0.0,338,0.0,1,0.0,0.0,76.0,1.3199178488951635,0,0.0,0.0
692,346,0.0,0.0,1019,0.0,1,346.0,0.0,401.0,1.3199178488951635,0,0.0,0.0
961,348,0.0,0.0,9116,0.0,3,348.0,0.0,893.0,1.5439290593999486,0,0.0,0.0
806,403,0.0,0.0,5454,0.0,1,403.0,104.0,582.0,2.125998609878192,1,0.0,0.0
999,362,694.0,690.0,3058,2023.0,17,169.0,0.0,1250.0,1.6778824220083322,0,2.0539526533591985,1.0
975,346,0.0,0.0,1014,0.0,1,346.0,0.0,405.0,1.5631179576723582,0,0.0,0.0
730,365,0.0,0.0,1019,0.0,2,348.0,0.0,109.0,1.846740228687539,0,0.0,0.0
1215,470,664.0,653.0,3331,1245.0,3,201.0,5.0,1024.0,1.7340220651762712,0,2.277277578433033,2.0
898,449,0.0,0.0,1138,0.0,285,647.0,0.0,125.0,2.5884744686838497,1,0.0,0.0
1395,539,0.0,0.0,3481,0.0,3,215.0,188.0,1386.0,1.8233172795913468,0,0.0,0.0
372,186,0.0,0.0,1762,0.0,1,186.0,0.0,510.0,0.3384539608149562,0,0.0,0.0
3086,1410,3935.0,3917.0,3631,3199.0,604,1674.0,4.0,1089.0,1.9543074068877224,0,1.6361105863359515,0.0
1004,367,708.0,700.0,333,986.0,3,349.0,0.0,100.0,1.8416549931235888,0,1.9896786263165969,0.0
979,360,145.0,142.0,3342,802.0,2,170.0,0.0,1019.0,1.5542866615647064,0,2.0800438339468625,4.0
1121,425,0.0,0.0,996,0.0,1,148.0,12.0,304.0,1.877165544659981,0,0.0,0.0
1141,419,388.0,386.0,359,624.0,3,432.0,100.0,118.0,1.982174216157233,0,1.9743265264614,0.0
858,429,666.0,660.0,335,2509.0,3,0.0,0.0,131.0,1.894608748459488,0,2.175555809383744,1.0
502,251,0.0,0.0,244,0.0,1,251.0,0.0,25.0,0.365399074323518,0,0.0,0.0
692,346,0.0,0.0,5026,0.0,1,346.0,0.0,0.0,1.3199178488951635,0,0.0,0.0
766,383,0.0,0.0,1806,0.0,2,0.0,42.0,546.0,1.779199030747993,0,0.0,0.0
692,346,0.0,0.0,336,0.0,1,346.0,0.0,0.0,1.3199178488951635,0,0.0,0.0
692,346,0.0,0.0,2992,0.0,1,346.0,0.0,571.0,1.3199178488951635,0,0.0,0.0
878,439,0.0,0.0,1329,0.0,1,0.0,176.0,133.0,1.7471752868230943,0,0.0,0.0
870,435,3375.0,3360.0,3402,473.0,21,228.0,98.0,332.0,1.5322209687710218,0,1.7037297395262667,0.0
692,346,0.0,0.0,337,0.0,1,0.0,0.0,0.0,1.3199178488951635,0,0.0,0.0
1221,481,373.0,368.0,3000,1840.0,3,206.0,3.0,1190.0,1.8727836692604032,0,2.646734659854106,3.0
692,346,0.0,0.0,338,0.0,1,346.0,0.0,138.0,1.3199178488951635,0,0.0,0.0
692,346,0.0,0.0,5041,0.0,1,329.0,0.0,0.0,1.3199178488951635,0,0.0,0.0
1637,621,519.0,514.0,481,812.0,2,238.0,465.0,195.0,1.5168130780420743,0,2.5868210777354106,2.0
692,346,0.0,0.0,338,0.0,1,346.0,0.0,35.0,1.3199178488951635,0,0.0,0.0
1203,466,150.0,150.0,337,2970.0,27,414.0,0.0,107.0,1.7812285907842482,0,1.9853433733674493,0.0
1337,524,378.0,376.0,1089,1236.0,28,0.0,95.0,346.0,1.739256638572202,0,2.789805404701971,3.0
692,346,0.0,0.0,333,0.0,1,0.0,0.0,35.0,1.3199178488951635,0,0.0,0.0
692,346,0.0,0.0,5006,0.0,1,0.0,0.0,1016.0,1.3199178488951635,0,0.0,0.0
692,346,0.0,0.0,5032,0.0,1,346.0,0.0,992.0,1.3199178488951635,0,0.0,0.0
692,346,0.0,0.0,1008,0.0,1,0.0,0.0,193.0,1.3199178488951635,0,0.0,0.0
1747,684,505.0,499.0,4157,2278.0,2,607.0,450.0,1697.0,1.6659031514768938,0,2.3832736506321224,2.0
692,346,0.0,0.0,5019,0.0,1,0.0,0.0,1024.0,1.3199178488951635,0,0.0,0.0
987,364,0.0,0.0,3030,0.0,3,0.0,0.0,1187.0,1.6212563969601168,0,0.0,0.0
968,346,0.0,0.0,3013,0.0,1,346.0,0.0,935.0,1.5576697027790063,0,0.0,0.0
692,346,0.0,0.0,3024,0.0,1,346.0,0.0,309.0,1.3199178488951635,0,0.0,0.0
876,438,0.0,0.0,4968,0.0,3,177.0,0.0,1972.0,1.942424558711042,0,0.0,0.0
1465,560,0.0,0.0,427,0.0,3,553.0,296.0,132.0,2.2582269455126007,2,0.0,0.0
692,346,0.0,0.0,2998,0.0,1,156.0,0.0,604.0,1.3199178488951635,0,0.0,0.0
2768,1384,0.0,0.0,3659,0.0,625,1695.0,0.0,749.0,1.751021899831603,0,0.0,0.0
1002,362,2991.0,2977.0,5030,339.0,2,167.0,0.0,1530.0,1.6467050317641772,0,1.4559478267114632,0.0
868,434,0.0,0.0,4752,0.0,3,501.0,10.0,488.0,2.030294445496834,1,0.0,0.0
2750,1375,0.0,0.0,3708,0.0,639,2014.0,0.0,0.0,2.226221301548863,2,0.0,0.0
1203,469,697.0,690.0,4986,2161.0,2,368.0,0.0,1491.0,1.9081764358161872,0,1.7315827902940089,0.0
1130,407,170.0,168.0,5926,406.0,1,407.0,153.0,1803.0,2.115531753433392,1,3.286027826976952,2.0
692,346,0.0,0.0,338,0.0,1,0.0,0.0,43.0,1.3199178488951635,0,0.0,0.0
692,346,0.0,0.0,1003,0.0,1,0.0,0.0,410.0,1.3199178488951635,0,0.0,0.0
692,346,0.0,0.0,3040,0.0,1,346.0,0.0,595.0,1.3199178488951635,0,0.0,0.0
692,346,0.0,0.0,3039,0.0,1,160.0,0.0,305.0,1.3199178488951635,0,0.0,0.0
692,346,0.0,0.0,4981,0.0,1,346.0,0.0,522.0,1.3199178488951635,0,0.0,0.0
966,346,2743.0,2721.0,4657,7791.0,1,346.0,0.0,476.0,1.542022150913608,0,1.6310586563622402,0.0
1406,512,190.0,190.0,5071,724.0,3,480.0,368.0,2006.0,1.8299988894460268,0,2.8522314322532085,3.0
1313,508,3153.0,3143.0,351,403.0,3,128.0,68.0,45.0,2.3411630594533683,1,1.751610623061702,0.0
692,346,0.0,0.0,3022,0.0,1,377.0,0.0,0.0,1.3199178488951635,0,0.0,0.0
961,346,1399.0,1386.0,3002,2839.0,1,0.0,0.0,1180.0,1.5799572946373464,0,2.1660843471268105,1.0
692,346,0.0,0.0,1056,0.0,1,0.0,0.0,0.0,1.3199178488951635,0,0.0,0.0
970,346,0.0,0.0,3017,0.0,1,346.0,0.0,1208.0,1.5542735890143609,0,0.0,0.0
1391,538,817.0,812.0,390,1589.0,3,94.0,183.0,153.0,2.098539238844849,1,2.014440369447493,3.0
692,346,0.0,0.0,3030,0.0,1,346.0,0.0,0.0,1.3199178488951635,0,0.0,0.0
692,346,0.0,0.0,3677,0.0,1,346.0,0.0,401.0,1.3199178488951635,0,0.0,0.0
692,346,0.0,0.0,2973,0.0,1,346.0,0.0,0.0,1.3199178488951635,0,0.0,0.0
742,371,0.0,0.0,337,0.0,2,350.0,0.0,129.0,1.8260529899446276,0,0.0,0.0
1042,384,0.0,0.0,339,0.0,3,0.0,6.0,100.0,1.6348017431573032,0,0.0,0.0
1147,436,1049.0,1046.0,5027,1641.0,2,173.0,0.0,1978.0,2.0478280829809634,1,2.072135355347023,1.0
691,346,0.0,0.0,3024,0.0,1,346.0,0.0,0.0,1.3198926233852584,0,0.0,0.0
840,420,0.0,0.0,403,0.0,1,195.0,128.0,47.0,2.113488799217456,1,0.0,0.0
943,472,0.0,0.0,429,0.0,31,461.0,204.0,55.0,1.9393798584801152,0,0.0,0.0
692,346,0.0,0.0,330,0.0,1,0.0,0.0,77.0,1.3199178488951635,0,0.0,0.0
692,346,0.0,0.0,4717,0.0,1,396.0,0.0,0.0,1.3199178488951635,0,0.0,0.0
1284,505,0.0,0.0,3372,0.0,5,462.0,10.0,1347.0,1.757316238604696,0,0.0,0.0
1127,428,664.0,651.0,1009,1893.0,36,59.0,4.0,301.0,1.7726454031073704,0,2.2754694900206527,2.0
632,228,0.0,0.0,2003,0.0,1,116.0,0.0,207.0,0.8286294588368256,0,0.0,0.0
1200,465,141.0,138.0,2989,555.0,3,381.0,0.0,906.0,1.7505385902015005,0,2.566775498386016,2.0
967,346,0.0,0.0,1010,0.0,1,0.0,0.0,425.0,1.5383747289447682,0,0.0,0.0
692,346,0.0,0.0,1007,0.0,1,346.0,0.0,207.0,1.3199178488951635,0,0.0,0.0
691,346,0.0,0.0,3020,0.0,1,0.0,0.0,0.0,1.330017185963925,0,0.0,0.0
691,346,3003.0,2992.0,3009,7977.0,1,0.0,0.0,901.0,1.319892623385258,0,1.4327353800158324,0.0
692,346,0.0,0.0,3640,0.0,1,346.0,0.0,725.0,1.3199178488951635,0,0.0,0.0
692,346,0.0,0.0,5045,0.0,1,147.0,0.0,0.0,1.3199178488951635,0,0.0,0.0
692,346,0.0,0.0,2980,0.0,1,172.0,0.0,1193.0,1.3199178488951635,0,0.0,0.0
692,346,0.0,0.0,4984,0.0,1,163.0,0.0,0.0,1.3199178488951635,0,0.0,0.0
692,346,0.0,0.0,339,0.0,1,346.0,0.0,75.0,1.3199178488951635,0,0.0,0.0
110,55,0.0,0.0,51,0.0,1,28.0,0.0,3.0,0.0,0,0.0,0.0
692,346,0.0,0.0,331,0.0,1,0.0,0.0,0.0,1.3199178488951635,0,0.0,0.0
2776,1388,0.0,0.0,3689,0.0,636,1676.0,0.0,0.0,1.8570072838439915,0,0.0,0.0
692,346,0.0,0.0,991,0.0,1,0.0,0.0,400.0,1.3199178488951635,0,0.0,0.0
692,346,0.0,0.0,1049,0.0,1,346.0,0.0,92.0,1.3199178488951635,0,0.0,0.0
846,423,136.0,134.0,3335,376.0,3,174.0,0.0,324.0,2.1794652312823253,1,2.312597389074498,2.0
692,346,0.0,0.0,5008,0.0,1,0.0,0.0,538.0,1.3199178488951635,0,0.0,0.0
692,346,0.0,0.0,996,0.0,1,0.0,0.0,0.0,1.3199178488951635,0,0.0,0.0
692,346,0.0,0.0,3058,0.0,1,346.0,0.0,0.0,1.3199178488951635,0,0.0,0.0
692,346,0.0,0.0,3021,0.0,1,364.0,0.0,632.0,1.3199178488951635,0,0.0,0.0
692,346,0.0,0.0,3045,0.0,1,346.0,0.0,1226.0,1.3199178488951635,0,0.0,0.0
692,346,0.0,0.0,5023,0.0,1,0.0,0.0,2013.0,1.3199178488951635,0,0.0,0.0
692,346,0.0,0.0,3719,0.0,1,346.0,0.0,785.0,1.3199178488951635,0,0.0,0.0
692,346,0.0,0.0,2980,0.0,1,0.0,0.0,0.0,1.3199178488951635,0,0.0,0.0
1019,369,108.0,108.0,3365,377.0,3,157.0,0.0,1009.0,1.7405493740616655,0,3.6263318223620544,2.0
692,346,0.0,0.0,3014,0.0,1,346.0,0.0,0.0,1.3199178488951635,0,0.0,0.0
1197,464,0.0,0.0,9145,0.0,2,377.0,0.0,2775.0,1.9812098049174869,0,0.0,0.0
962,346,0.0,0.0,5062,0.0,1,346.0,0.0,2013.0,1.4417526302906802,0,0.0,0.0
971,346,0.0,0.0,3061,0.0,1,346.0,0.0,331.0,1.5359867562038818,0,0.0,0.0
2780,1390,0.0,0.0,3654,0.0,640,1993.0,0.0,739.0,1.882226919653132,0,0.0,0.0
1161,442,703.0,701.0,3033,1593.0,2,492.0,14.0,892.0,1.9963280501983036,0,2.18610172546688,1.0
1098,413,360.0,354.0,4679,260.0,3,359.0,0.0,1893.0,2.1016897876812544,1,2.4951314462072216,2.0
692,346,0.0,0.0,4745,0.0,1,166.0,0.0,0.0,1.3199178488951635,0,0.0,0.0
968,346,0.0,0.0,1003,0.0,1,346.0,0.0,410.0,1.5846564573300888,0,0.0,0.0
998,366,0.0,0.0,5014,0.0,3,163.0,0.0,1501.0,1.6518265807069767,0,0.0,0.0
692,346,0.0,0.0,3687,0.0,1,0.0,0.0,0.0,1.3199178488951635,0,0.0,0.0
692,346,0.0,0.0,991,0.0,1,0.0,0.0,203.0,1.3199178488951635,0,0.0,0.0
1115,424,345.0,342.0,333,530.0,2,0.0,0.0,140.0,1.7461442016819082,0,2.487422726313453,2.0
692,346,0.0,0.0,1005,0.0,1,0.0,0.0,387.0,1.3199178488951635,0,0.0,0.0
2788,1394,0.0,0.0,3700,0.0,635,1682.0,0.0,1473.0,1.9342329039156891,0,0.0,0.0
692,346,0.0,0.0,5059,0.0,1,158.0,0.0,995.0,1.3199178488951635,0,0.0,0.0
692,346,0.0,0.0,3037,0.0,1,161.0,0.0,0.0,1.3199178488951635,0,0.0,0.0
692,346,0.0,0.0,3054,0.0,1,202.0,0.0,0.0,1.3199178488951635,0,0.0,0.0
961,346,0.0,0.0,4684,0.0,1,346.0,0.0,1913.0,1.5655858085527217,0,0.0,0.0
902,451,3257.0,3244.0,5158,1534.0,2,431.0,74.0,540.0,2.308072969971384,1,1.7898760648665684,0.0
692,346,0.0,0.0,1018,0.0,1,346.0,0.0,0.0,1.3199178488951635,0,0.0,0.0
1188,460,367.0,366.0,3027,1209.0,34,483.0,12.0,892.0,1.7828007776374255,0,2.6733300617902507,2.0
692,346,0.0,0.0,1006,0.0,1,346.0,0.0,0.0,1.3199178488951635,0,0.0,0.0
967,346,129.0,128.0,3025,493.0,1,161.0,0.0,934.0,1.605049267213674,0,2.798045195508968,2.0
692,346,0.0,0.0,3646,0.0,1,346.0,0.0,748.0,1.3199178488951635,0,0.0,0.0
602,301,0.0,0.0,2611,0.0,1,144.0,0.0,507.0,1.9802836643159416,0,0.0,0.0
692,346,0.0,0.0,1015,0.0,1,346.0,0.0,212.0,1.3199178488951635,0,0.0,0.0
692,346,0.0,0.0,341,0.0,1,157.0,0.0,65.0,1.3199178488951635,0,0.0,0.0
1200,461,0.0,0.0,5028,0.0,2,0.0,0.0,2023.0,1.6672880490509645,0,0.0,0.0
692,346,0.0,0.0,336,0.0,1,346.0,0.0,0.0,1.3199178488951635,0,0.0,0.0
692,346,0.0,0.0,3032,0.0,1,163.0,0.0,641.0,1.3199178488951635,0,0.0,0.0
692,346,0.0,0.0,3710,0.0,1,346.0,0.0,755.0,1.3199178488951635,0,0.0,0.0
692,346,0.0,0.0,3691,0.0,1,346.0,0.0,0.0,1.3199178488951635,0,0.0,0.0
728,364,0.0,0.0,3022,0.0,19,160.0,0.0,324.0,1.817445682349312,0,0.0,0.0
2820,1410,0.0,0.0,3711,0.0,630,1742.0,0.0,1502.0,1.787069392369223,0,0.0,0.0
692,346,0.0,0.0,2998,0.0,1,0.0,0.0,1195.0,1.3199178488951635,0,0.0,0.0
1890,945,0.0,0.0,2496,0.0,519,1136.0,0.0,506.0,2.332464337840603,1,0.0,0.0
692,346,0.0,0.0,333,0.0,1,346.0,0.0,0.0,1.3199178488951635,0,0.0,0.0
692,346,0.0,0.0,2992,0.0,1,346.0,0.0,595.0,1.3199178488951635,0,0.0,0.0
692,346,0.0,0.0,3014,0.0,1,157.0,0.0,615.0,1.3199178488951635,0,0.0,0.0
692,346,0.0,0.0,3041,0.0,1,356.0,0.0,592.0,1.3199178488951635,0,0.0,0.0
692,346,0.0,0.0,8997,0.0,1,161.0,0.0,897.0,1.3199178488951635,0,0.0,0.0
967,346,717.0,707.0,3028,2234.0,1,165.0,0.0,889.0,1.4793187661705904,0,2.0286037989344976,2.0
959,346,0.0,0.0,3025,0.0,1,346.0,0.0,1230.0,1.599501850084381,0,0.0,0.0
952,346,0.0,0.0,4728,0.0,1,346.0,0.0,965.0,1.490908609486423,0,0.0,0.0
1362,488,0.0,0.0,1420,0.0,1,488.0,378.0,132.0,1.5218458129152794,0,0.0,0.0
3053,1391,0.0,0.0,3696,0.0,636,1670.0,0.0,1521.0,1.949406479375527,0,0.0,0.0
1673,658,471.0,470.0,6135,1236.0,2,621.0,386.0,1865.0,1.899414098137882,0,2.268456046273393,1.0
1272,453,3903.0,3882.0,3918,10889.0,1,453.0,303.0,411.0,1.7302096687997008,0,1.6092135959820293,0.0
1099,417,2977.0,2961.0,4697,414.0,2,168.0,0.0,1424.0,1.7016484106057557,0,1.4411817992504412,0.0
692,346,0.0,0.0,4977,0.0,1,155.0,0.0,0.0,1.3199178488951635,0,0.0,0.0
692,346,0.0,0.0,3657,0.0,1,346.0,0.0,355.0,1.3199178488951635,0,0.0,0.0
100,50,0.0,0.0,400,0.0,3,12.0,19.0,132.0,1.7228665736989706,0,0.0,0.0
1149,435,157.0,155.0,332,480.0,3,163.0,0.0,105.0,1.7577473963876014,0,2.5307719820247594,3.0
692,346,0.0,0.0,335,0.0,1,0.0,0.0,37.0,1.3199178488951635,0,0.0,0.0
692,346,0.0,0.0,4958,0.0,1,153.0,0.0,944.0,1.3199178488951635,0,0.0,0.0
692,346,0.0,0.0,3061,0.0,1,153.0,0.0,0.0,1.3199178488951635,0,0.0,0.0
164,82,0.0,0.0,1161,0.0,1,40.0,0.0,235.0,0.3338489304447948,0,0.0,0.0
692,346,0.0,0.0,330,0.0,1,346.0,0.0,0.0,1.3199178488951635,0,0.0,0.0
692,346,0.0,0.0,4981,0.0,1,346.0,0.0,981.0,1.3199178488951635,0,0.0,0.0
692,346,0.0,0.0,1680,0.0,1,0.0,0.0,158.0,1.3199178488951635,0,0.0,0.0
1206,468,133.0,131.0,3071,185.0,2,216.0,35.0,930.0,2.1842820700180416,1,3.904214185034656,3.0
692,346,0.0,0.0,336,0.0,1,346.0,0.0,80.0,1.3199178488951635,0,0.0,0.0
732,366,0.0,0.0,1026,0.0,2,0.0,0.0,399.0,1.7897856938959855,0,0.0,0.0
1021,382,655.0,648.0,3024,1927.0,2,349.0,0.0,1197.0,1.9236813975533067,0,1.863540388532772,0.0
692,346,0.0,0.0,5058,0.0,1,169.0,0.0,496.0,1.3199178488951635,0,0.0,0.0
962,346,0.0,0.0,3690,0.0,1,346.0,0.0,1469.0,1.5601439291791637,0,0.0,0.0
692,346,0.0,0.0,1015,0.0,1,346.0,0.0,0.0,1.3199178488951635,0,0.0,0.0
1133,431,0.0,0.0,3037,0.0,2,366.0,0.0,1210.0,1.848023867889448,0,0.0,0.0
692,346,0.0,0.0,5030,0.0,1,346.0,0.0,1014.0,1.3199178488951635,0,0.0,0.0
402,147,286.0,284.0,1237,438.0,2,138.0,0.0,361.0,2.190705055678109,1,1.798867671962718,0.0
744,372,0.0,0.0,5075,0.0,3,0.0,0.0,1537.0,1.8120625569179312,0,0.0,0.0
74,37,0.0,0.0,36,0.0,1,0.0,0.0,15.0,0.3535533905932738,0,0.0,0.0
1151,438,0.0,0.0,991,0.0,3,0.0,0.0,292.0,2.0424461515190027,1,0.0,0.0
1378,537,788.0,781.0,5427,907.0,3,502.0,171.0,1644.0,1.8229308607505996,0,2.450824436312927,2.0
692,346,0.0,0.0,337,0.0,1,346.0,0.0,125.0,1.3199178488951635,0,0.0,0.0
692,346,0.0,0.0,5096,0.0,1,346.0,0.0,504.0,1.3199178488951635,0,0.0,0.0
806,403,0.0,0.0,867,0.0,3,101.0,8.0,106.0,2.463399310503296,4,0.0,0.0
236,118,0.0,0.0,1727,0.0,1,0.0,46.0,160.0,0.8013605748660964,0,0.0,0.0
692,346,0.0,0.0,5049,0.0,1,168.0,0.0,1040.0,1.3199178488951635,0,0.0,0.0
692,346,0.0,0.0,1022,0.0,1,346.0,0.0,210.0,1.3199178488951635,0,0.0,0.0
967,346,0.0,0.0,3720,0.0,1,0.0,0.0,1517.0,1.5665780648150682,0,0.0,0.0
692,346,0.0,0.0,5046,0.0,1,346.0,0.0,1010.0,1.3199178488951635,0,0.0,0.0
692,346,0.0,0.0,4665,0.0,1,346.0,0.0,0.0,1.3199178488951635,0,0.0,0.0
470,235,0.0,0.0,2009,0.0,1,118.0,0.0,414.0,0.3017285759180408,0,0.0,0.0
1002,360,1029.0,1018.0,5053,1019.0,3,349.0,0.0,1530.0,1.7215676241680038,0,1.771702455678129,0.0
692,346,0.0,0.0,338,0.0,1,346.0,0.0,0.0,1.3199178488951635,0,0.0,0.0
60,30,0.0,0.0,258,0.0,1,30.0,0.0,104.0,0.0,0,0.0,0.0
585,221,66.0,66.0,1542,434.0,2,190.0,115.0,477.0,1.4713589455496476,0,2.521453103372807,1.0
692,346,0.0,0.0,5031,0.0,1,346.0,0.0,0.0,1.3199178488951635,0,0.0,0.0
692,346,0.0,0.0,4982,0.0,1,346.0,0.0,1026.0,1.3199178488951635,0,0.0,0.0
692,346,0.0,0.0,4650,0.0,1,346.0,0.0,0.0,1.3199178488951635,0,0.0,0.0
692,346,0.0,0.0,337,0.0,1,346.0,0.0,0.0,1.3199178488951635,0,0.0,0.0
1332,487,0.0,0.0,4020,0.0,3,289.0,316.0,1634.0,2.0611720748917945,1,0.0,0.0
1093,408,2733.0,2719.0,5341,8346.0,2,161.0,0.0,574.0,1.7999007807392735,0,1.6262298566429223,0.0
692,346,0.0,0.0,3700,0.0,1,168.0,0.0,0.0,1.3199178488951635,0,0.0,0.0
692,346,0.0,0.0,2998,0.0,1,154.0,0.0,1192.0,1.3199178488951635,0,0.0,0.0
692,346,0.0,0.0,996,0.0,1,0.0,0.0,0.0,1.3199178488951635,0,0.0,0.0
842,421,142.0,141.0,4073,162.0,2,172.0,78.0,1235.0,1.8733639151294197,0,3.7931974104406487,1.0
692,346,0.0,0.0,3030,0.0,1,0.0,0.0,0.0,1.3199178488951635,0,0.0,0.0
692,346,0.0,0.0,2977,0.0,1,170.0,0.0,0.0,1.3199178488951635,0,0.0,0.0
692,346,0.0,0.0,4973,0.0,1,154.0,0.0,0.0,1.3199178488951635,0,0.0,0.0
759,274,0.0,0.0,805,0.0,1,274.0,102.0,82.0,1.8578305388713048,0,0.0,0.0
972,346,0.0,0.0,1014,0.0,1,0.0,0.0,303.0,1.5128887135516675,0,0.0,0.0
692,346,0.0,0.0,5039,0.0,1,167.0,0.0,1009.0,1.3199178488951635,0,0.0,0.0
692,346,0.0,0.0,3036,0.0,1,346.0,0.0,620.0,1.3199178488951635,0,0.0,0.0
692,346,0.0,0.0,339,0.0,1,346.0,0.0,140.0,1.3199178488951635,0,0.0,0.0
692,346,0.0,0.0,372,0.0,1,0.0,0.0,43.0,1.3199178488951635,0,0.0,0.0
1190,462,0.0,0.0,1005,0.0,4,0.0,0.0,421.0,1.95588863261265,0,0.0,0.0
692,346,0.0,0.0,1022,0.0,1,0.0,0.0,425.0,1.3199178488951635,0,0.0,0.0
692,346,0.0,0.0,337,0.0,1,346.0,0.0,0.0,1.3199178488951635,0,0.0,0.0
692,346,0.0,0.0,2973,0.0,1,346.0,0.0,0.0,1.3199178488951635,0,0.0,0.0
966,346,0.0,0.0,4983,0.0,1,346.0,0.0,1993.0,1.5605325159510608,0,0.0,0.0
692,346,0.0,0.0,3682,0.0,1,346.0,0.0,390.0,1.3199178488951635,0,0.0,0.0
1026,377,700.0,693.0,1011,421.0,8,177.0,2.0,424.0,1.806424498087231,0,2.9818059029541595,1.0
956,346,0.0,0.0,5065,0.0,1,156.0,0.0,2023.0,1.5005632549379018,0,0.0,0.0
692,346,0.0,0.0,337,0.0,1,155.0,0.0,84.0,1.3199178488951635,0,0.0,0.0
692,346,2779.0,2766.0,335,353.0,1,0.0,0.0,43.0,1.3199178488951635,0,1.5575246180728868,0.0
1349,509,850.0,844.0,404,2752.0,3,476.0,248.0,130.0,2.010329512608769,1,2.084484748049805,1.0
692,346,0.0,0.0,3034,0.0,1,164.0,0.0,1205.0,1.3199178488951635,0,0.0,0.0
620,310,0.0,0.0,4439,0.0,1,0.0,0.0,898.0,1.802794875341644,0,0.0,0.0
930,465,0.0,0.0,2999,0.0,3,462.0,0.0,1182.0,2.3554373879010493,1,0.0,0.0
1170,455,0.0,0.0,338,0.0,3,369.0,0.0,103.0,1.8861218951139636,0,0.0,0.0
692,346,0.0,0.0,331,0.0,1,346.0,0.0,80.0,1.3199178488951635,0,0.0,0.0
2826,1413,0.0,0.0,3688,0.0,659,2057.0,0.0,724.0,2.099756852681414,1,0.0,0.0
802,401,3155.0,3140.0,3463,9306.0,1,401.0,106.0,370.0,2.1110481222673028,1,1.98974416860524,0.0
692,346,0.0,0.0,995,0.0,1,0.0,0.0,0.0,1.3199178488951635,0,0.0,0.0
1183,449,410.0,405.0,3195,1054.0,3,174.0,59.0,959.0,1.8512112976793784,0,2.4306219145974075,2.0
692,346,0.0,0.0,2993,0.0,1,346.0,0.0,301.0,1.3199178488951635,0,0.0,0.0
692,346,0.0,0.0,335,0.0,1,346.0,0.0,41.0,1.3199178488951635,0,0.0,0.0
2100,1050,0.0,0.0,2711,0.0,540,1554.0,0.0,1104.0,3.7670101769003774,1,0.0,0.0
960,346,0.0,0.0,12034,0.0,1,157.0,0.0,1206.0,1.487762772747803,0,0.0,0.0
692,346,0.0,0.0,5011,0.0,1,346.0,0.0,1012.0,1.3199178488951635,0,0.0,0.0
972,346,1005.0,999.0,5042,1971.0,1,158.0,0.0,2043.0,1.5187638720812875,0,2.1763900085013343,2.0
78,29,90.0,90.0,82,187.0,1,0.0,0.0,41.0,0.7905694150420948,0,1.383496476323666,0.0
1148,436,367.0,364.0,1000,1777.0,21,0.0,0.0,389.0,1.9358006911115564,0,2.177861267382764,1.0
692,346,0.0,0.0,335,0.0,1,0.0,0.0,0.0,1.3199178488951635,0,0.0,0.0
494,247,0.0,0.0,701,0.0,165,292.0,0.0,143.0,0.999163806083928,0,0.0,0.0
692,346,0.0,0.0,3028,0.0,1,0.0,0.0,310.0,1.3199178488951635,0,0.0,0.0
692,346,0.0,0.0,1063,0.0,1,0.0,0.0,0.0,1.3199178488951635,0,0.0,0.0
688,344,0.0,0.0,4678,0.0,1,344.0,0.0,952.0,1.342195527390438,0,0.0,0.0
1599,622,900.0,890.0,7121,2446.0,48,516.0,365.0,2186.0,1.856967142824172,0,2.121025238036633,1.0
930,465,0.0,0.0,5750,0.0,2,59.0,107.0,1711.0,2.1688533363755638,1,0.0,0.0
692,346,0.0,0.0,3022,0.0,1,346.0,0.0,1206.0,1.3199178488951635,0,0.0,0.0
698,349,0.0,0.0,3367,0.0,4,148.0,0.0,1048.0,1.659272444557561,0,0.0,0.0
692,346,0.0,0.0,3022,0.0,1,346.0,0.0,1210.0,1.3199178488951635,0,0.0,0.0
692,346,0.0,0.0,3032,0.0,1,346.0,0.0,286.0,1.3199178488951635,0,0.0,0.0
692,346,0.0,0.0,3707,0.0,1,346.0,0.0,1485.0,1.3199178488951635,0,0.0,0.0
692,346,0.0,0.0,334,0.0,1,0.0,0.0,0.0,1.3199178488951635,0,0.0,0.0
692,346,0.0,0.0,2995,0.0,1,151.0,0.0,0.0,1.3199178488951635,0,0.0,0.0
972,350,0.0,0.0,3028,0.0,2,157.0,0.0,906.0,1.5671859030176527,0,0.0,0.0
1161,441,692.0,687.0,3044,1284.0,2,171.0,0.0,1211.0,1.7698629378937802,0,1.6921956892573404,0.0
984,492,175.0,175.0,3713,200.0,36,483.0,202.0,1113.0,2.030953946071304,1,2.459596443091633,2.0
1261,466,143.0,141.0,3540,305.0,2,497.0,164.0,1062.0,1.9190896195636835,0,2.2409247672426416,2.0
968,346,0.0,0.0,3017,0.0,1,212.0,0.0,921.0,1.5692325327115966,0,0.0,0.0
958,346,0.0,0.0,3037,0.0,1,346.0,0.0,1241.0,1.469336048403665,0,0.0,0.0
710,355,0.0,0.0,1006,0.0,10,352.0,0.0,116.0,1.646925985822524,0,0.0,0.0
974,347,0.0,0.0,330,0.0,2,347.0,0.0,96.0,1.5644637440846196,0,0.0,0.0
752,376,0.0,0.0,3045,0.0,2,157.0,0.0,284.0,1.7088816431332332,0,0.0,0.0
692,346,0.0,0.0,337,0.0,1,346.0,0.0,37.0,1.3199178488951635,0,0.0,0.0
692,346,0.0,0.0,3028,0.0,1,346.0,0.0,597.0,1.3199178488951635,0,0.0,0.0
1163,441,0.0,0.0,3735,0.0,3,415.0,0.0,1534.0,1.791091067930447,0,0.0,0.0
710,355,123.0,123.0,2993,299.0,1,177.0,0.0,310.0,1.5942401261613934,0,2.5692369885929547,2.0
692,346,0.0,0.0,335,0.0,1,0.0,0.0,0.0,1.3199178488951635,0,0.0,0.0
692,346,0.0,0.0,336,0.0,1,346.0,0.0,38.0,1.3199178488951635,0,0.0,0.0
692,346,0.0,0.0,5044,0.0,1,0.0,0.0,0.0,1.3199178488951635,0,0.0,0.0
692,346,0.0,0.0,1000,0.0,1,0.0,0.0,418.0,1.3199178488951635,0,0.0,0.0
692,346,0.0,0.0,1002,0.0,1,0.0,0.0,109.0,1.3199178488951635,0,0.0,0.0
908,454,155.0,152.0,1260,321.0,19,0.0,178.0,375.0,1.562379218372626,0,2.074536319073012,1.0
692,346,0.0,0.0,5045,0.0,1,168.0,0.0,0.0,1.3199178488951635,0,0.0,0.0
692,346,0.0,0.0,3033,0.0,1,345.0,0.0,1214.0,1.3199178488951635,0,0.0,0.0
1531,570,527.0,520.0,1368,1703.0,3,503.0,390.0,426.0,1.6741098130796004,0,2.354992059956732,1.0
612,306,0.0,0.0,2635,0.0,1,138.0,0.0,0.0,1.8688597269534677,0,0.0,0.0
692,346,0.0,0.0,334,0.0,1,0.0,0.0,0.0,1.3199178488951635,0,0.0,0.0
644,322,0.0,0.0,941,0.0,1,0.0,0.0,94.0,1.62483128068145,0,0.0,0.0
726,363,0.0,0.0,333,0.0,3,0.0,0.0,109.0,1.891849827983563,0,0.0,0.0
692,346,0.0,0.0,4962,0.0,1,346.0,0.0,0.0,1.3199178488951635,0,0.0,0.0
958,346,0.0,0.0,333,0.0,1,158.0,0.0,132.0,1.627459246073774,0,0.0,0.0
1356,503,0.0,0.0,5547,0.0,1,551.0,294.0,1672.0,1.7868713728426833,0,0.0,0.0
1469,562,3706.0,3689.0,6229,594.0,2,71.0,280.0,1837.0,1.8361034788549715,0,1.7089669670314342,0.0
692,346,0.0,0.0,3028,0.0,1,0.0,0.0,318.0,1.3199178488951635,0,0.0,0.0
1005,369,659.0,651.0,5347,873.0,2,352.0,0.0,2161.0,1.6219846792824535,0,2.6684025515215977,1.0
692,346,0.0,0.0,334,0.0,1,346.0,0.0,0.0,1.3199178488951635,0,0.0,0.0
692,346,0.0,0.0,3041,0.0,1,349.0,0.0,591.0,1.3199178488951635,0,0.0,0.0
692,346,0.0,0.0,3044,0.0,1,166.0,0.0,1178.0,1.3199178488951635,0,0.0,0.0
692,346,0.0,0.0,3007,0.0,1,0.0,0.0,619.0,1.3199178488951635,0,0.0,0.0
196,98,0.0,0.0,1444,0.0,1,54.0,0.0,0.0,0.3248931448269642,0,0.0,0.0
692,346,0.0,0.0,5032,0.0,1,0.0,0.0,0.0,1.3199178488951635,0,0.0,0.0
959,346,714.0,704.0,3025,1242.0,1,188.0,0.0,1188.0,1.447048259232985,0,1.859592578090726,0.0
692,346,0.0,0.0,336,0.0,1,346.0,0.0,0.0,1.3199178488951635,0,0.0,0.0
692,346,0.0,0.0,3022,0.0,1,346.0,0.0,599.0,1.3199178488951635,0,0.0,0.0
692,346,0.0,0.0,3018,0.0,1,346.0,0.0,303.0,1.3199178488951635,0,0.0,0.0
692,346,0.0,0.0,3002,0.0,1,157.0,0.0,632.0,1.3199178488951635,0,0.0,0.0
692,346,0.0,0.0,1004,0.0,1,346.0,0.0,96.0,1.3199178488951635,0,0.0,0.0
692,346,0.0,0.0,333,0.0,1,164.0,0.0,132.0,1.3199178488951635,0,0.0,0.0
692,346,0.0,0.0,1023,0.0,1,346.0,0.0,110.0,1.3199178488951635,0,0.0,0.0
870,435,0.0,0.0,3019,0.0,2,176.0,0.0,1193.0,2.0979309435610176,2,0.0,0.0
692,346,0.0,0.0,1014,0.0,1,346.0,0.0,220.0,1.3199178488951635,0,0.0,0.0
754,377,0.0,0.0,2994,0.0,3,0.0,0.0,297.0,1.700879722096286,0,0.0,0.0
1119,421,124.0,123.0,1012,2558.0,3,0.0,0.0,115.0,1.9499978252040095,0,2.087573214450065,3.0
692,346,0.0,0.0,3629,0.0,1,151.0,0.0,0.0,1.3199178488951635,0,0.0,0.0
1024,373,677.0,670.0,337,1723.0,3,354.0,0.0,128.0,1.578357756370066,0,2.029984643102122,2.0
1039,386,0.0,0.0,2998,0.0,40,379.0,0.0,309.0,1.9180952644290044,0,0.0,0.0
960,346,0.0,0.0,3694,0.0,1,346.0,0.0,1489.0,1.4895100517701036,0,0.0,0.0
1100,414,0.0,0.0,5304,0.0,3,443.0,14.0,1593.0,1.6966068629219957,0,0.0,0.0
692,346,0.0,0.0,3676,0.0,1,156.0,0.0,737.0,1.3199178488951635,0,0.0,0.0
635,229,0.0,0.0,673,0.0,1,229.0,0.0,276.0,0.9823128664410676,0,0.0,0.0
692,346,0.0,0.0,2993,0.0,1,164.0,0.0,637.0,1.3199178488951635,0,0.0,0.0
902,451,0.0,0.0,3001,0.0,19,317.0,15.0,898.0,2.123020568179223,2,0.0,0.0
1123,431,0.0,0.0,994,0.0,3,0.0,0.0,390.0,2.004776643966272,1,0.0,0.0
692,346,0.0,0.0,3021,0.0,1,0.0,0.0,0.0,1.3199178488951635,0,0.0,0.0
692,346,0.0,0.0,3022,0.0,1,157.0,0.0,614.0,1.3199178488951635,0,0.0,0.0
692,346,0.0,0.0,332,0.0,1,346.0,0.0,70.0,1.3199178488951635,0,0.0,0.0
692,346,0.0,0.0,5044,0.0,1,346.0,0.0,0.0,1.3199178488951635,0,0.0,0.0
967,346,670.0,664.0,1003,656.0,1,346.0,0.0,314.0,1.5232313821974772,0,2.1898888860725374,1.0
1211,469,0.0,0.0,3014,0.0,2,52.0,2.0,1196.0,1.8257936353686717,0,0.0,0.0
1077,406,376.0,372.0,340,490.0,3,388.0,0.0,38.0,1.987855214690892,0,2.279806527334824,2.0
870,435,121.0,121.0,992,2106.0,3,99.0,11.0,113.0,2.0897527641451377,1,2.864765047760125,2.0
692,346,0.0,0.0,1009,0.0,1,346.0,0.0,0.0,1.3199178488951635,0,0.0,0.0
692,346,0.0,0.0,4999,0.0,1,158.0,0.0,0.0,1.3199178488951635,0,0.0,0.0
957,346,0.0,0.0,3018,0.0,1,156.0,0.0,895.0,1.4765326363799685,0,0.0,0.0
850,425,0.0,0.0,411,0.0,1,425.0,148.0,43.0,1.8049874464515585,0,0.0,0.0
610,305,0.0,0.0,884,0.0,1,0.0,0.0,0.0,1.905734476752472,0,0.0,0.0
966,483,401.0,397.0,3532,1069.0,5,198.0,40.0,1085.0,2.037344937263164,1,2.473541732667787,2.0
692,346,0.0,0.0,3670,0.0,1,346.0,0.0,369.0,1.3199178488951635,0,0.0,0.0
2814,1407,0.0,0.0,3710,0.0,639,2026.0,0.0,0.0,1.9346742923263256,0,0.0,0.0
406,158,239.0,237.0,1547,127.0,9,120.0,88.0,618.0,1.1678353537850268,0,1.836432208893016,0.0
692,346,0.0,0.0,4991,0.0,1,154.0,0.0,0.0,1.3199178488951635,0,0.0,0.0
730,365,2989.0,2973.0,5400,8401.0,3,146.0,0.0,1665.0,1.8932413701956363,0,1.511138626877914,0.0
692,346,0.0,0.0,1011,0.0,1,0.0,0.0,0.0,1.3199178488951635,0,0.0,0.0
692,346,0.0,0.0,2993,0.0,1,346.0,0.0,598.0,1.3199178488951635,0,0.0,0.0
692,346,0.0,0.0,3024,0.0,1,156.0,0.0,0.0,1.3199178488951635,0,0.0,0.0
1255,449,0.0,0.0,432,0.0,1,205.0,276.0,133.0,1.820031513975828,0,0.0,0.0
949,346,0.0,0.0,2984,0.0,1,163.0,0.0,1176.0,1.4736984748723494,0,0.0,0.0
1203,441,438.0,434.0,3490,459.0,28,414.0,147.0,1060.0,2.15771373387768,1,2.395942943090074,3.0
692,346,0.0,0.0,5019,0.0,1,0.0,0.0,0.0,1.3199178488951635,0,0.0,0.0
692,346,0.0,0.0,5053,0.0,1,141.0,0.0,0.0,1.3199178488951635,0,0.0,0.0
692,346,0.0,0.0,1004,0.0,1,0.0,0.0,0.0,1.3199178488951635,0,0.0,0.0
692,346,0.0,0.0,3677,0.0,1,346.0,0.0,754.0,1.3199178488951635,0,0.0,0.0
692,346,0.0,0.0,1679,0.0,1,0.0,0.0,168.0,1.3199178488951635,0,0.0,0.0
1108,418,359.0,351.0,3012,464.0,3,175.0,0.0,913.0,1.987036776167261,0,2.636343109271956,3.0
692,346,0.0,0.0,2996,0.0,1,156.0,0.0,654.0,1.3199178488951635,0,0.0,0.0
562,281,0.0,0.0,4114,0.0,1,135.0,0.0,810.0,2.6405134051984818,6,0.0,0.0
691,346,0.0,0.0,3026,0.0,1,172.0,0.0,1197.0,1.3198926233852584,0,0.0,0.0
692,346,0.0,0.0,1006,0.0,1,346.0,0.0,0.0,1.3199178488951635,0,0.0,0.0
1358,545,690.0,684.0,5015,855.0,3,312.0,11.0,1497.0,2.197428722681936,1,2.3554689109344675,2.0
1030,377,0.0,0.0,5302,0.0,3,0.0,0.0,539.0,1.859748673158622,0,0.0,0.0
716,358,0.0,0.0,6102,0.0,2,0.0,0.0,605.0,1.8958169758771024,0,0.0,0.0
692,346,0.0,0.0,996,0.0,1,0.0,0.0,199.0,1.3199178488951635,0,0.0,0.0
692,346,0.0,0.0,3002,0.0,1,346.0,0.0,0.0,1.3199178488951635,0,0.0,0.0
728,364,0.0,0.0,3024,0.0,3,155.0,0.0,1213.0,1.7591646296395211,0,0.0,0.0
670,335,0.0,0.0,2926,0.0,1,335.0,0.0,869.0,1.4411001327003718,0,0.0,0.0
728,364,0.0,0.0,331,0.0,1,381.0,3.0,109.0,1.808101426698946,0,0.0,0.0
1021,370,371.0,367.0,4908,334.0,1,394.0,5.0,1442.0,1.757321791003597,0,2.6079061430749704,2.0
692,346,0.0,0.0,3002,0.0,1,346.0,0.0,0.0,1.3199178488951635,0,0.0,0.0
692,346,0.0,0.0,993,0.0,1,0.0,0.0,0.0,1.3199178488951635,0,0.0,0.0
960,346,0.0,0.0,3029,0.0,1,212.0,0.0,610.0,1.569922653765756,0,0.0,0.0
971,346,1073.0,1056.0,4664,2638.0,1,346.0,0.0,1869.0,1.551732559507579,0,2.0655658023217858,1.0
691,346,0.0,0.0,3002,0.0,1,345.0,0.0,0.0,1.3159070494058125,0,0.0,0.0
954,346,0.0,0.0,3017,0.0,1,346.0,0.0,1205.0,1.491616306592704,0,0.0,0.0
212,77,81.0,80.0,675,1342.0,2,40.0,35.0,67.0,1.1126972805283732,0,1.8012181638881373,0.0
1017,368,381.0,376.0,2989,1450.0,2,0.0,0.0,917.0,1.7129193588390044,0,2.6267032743424785,3.0
1350,535,2896.0,2880.0,3208,865.0,27,506.0,66.0,960.0,2.172690040454788,1,1.8712169745031912,0.0
1205,465,393.0,387.0,2993,393.0,3,410.0,0.0,904.0,1.852155802727639,0,2.326965524569477,3.0
1167,445,0.0,0.0,5015,0.0,2,477.0,14.0,1501.0,1.87130532420656,0,0.0,0.0
1053,393,701.0,697.0,5004,2199.0,2,413.0,8.0,1991.0,2.179135877648415,2,2.141633688657111,1.0
692,346,0.0,0.0,3068,0.0,1,353.0,0.0,609.0,1.3199178488951635,0,0.0,0.0
1001,366,345.0,342.0,3692,252.0,2,352.0,0.0,1090.0,1.663020362937767,0,3.12655194775603,3.0
692,346,0.0,0.0,336,0.0,1,346.0,0.0,69.0,1.3199178488951635,0,0.0,0.0
1453,528,0.0,0.0,6893,0.0,10,222.0,374.0,2089.0,1.929786874919925,0,0.0,0.0
985,355,2992.0,2979.0,3016,8468.0,2,346.0,0.0,916.0,1.5234553959454806,0,1.5053869451679105,0.0
968,346,369.0,364.0,1003,1441.0,1,0.0,0.0,398.0,1.512277225247037,0,2.7302287717936173,2.0
960,346,0.0,0.0,341,0.0,1,0.0,0.0,129.0,1.471745931815815,0,0.0,0.0
692,346,0.0,0.0,3034,0.0,1,346.0,0.0,299.0,1.3199178488951635,0,0.0,0.0
692,346,0.0,0.0,334,0.0,1,0.0,0.0,75.0,1.3199178488951635,0,0.0,0.0
2828,1414,0.0,0.0,3649,0.0,629,1700.0,0.0,1439.0,1.7163279725634777,0,0.0,0.0
292,146,0.0,0.0,2138,0.0,1,146.0,0.0,0.0,0.3856396617542723,0,0.0,0.0
692,346,0.0,0.0,3649,0.0,1,0.0,0.0,747.0,1.3199178488951635,0,0.0,0.0
692,346,0.0,0.0,1008,0.0,1,346.0,0.0,394.0,1.3199178488951635,0,0.0,0.0
1080,386,140.0,138.0,4812,428.0,1,0.0,85.0,1431.0,1.9046542951576155,0,2.0922975152343755,1.0
1150,443,0.0,0.0,6001,0.0,3,13.0,0.0,1836.0,2.100496178735117,1,0.0,0.0
692,346,0.0,0.0,5107,0.0,1,0.0,0.0,1004.0,1.3199178488951635,0,0.0,0.0
744,372,377.0,374.0,5047,5864.0,1,398.0,3.0,1543.0,1.6993350674036949,0,1.9516518472504487,0.0
898,449,176.0,174.0,434,577.0,1,449.0,188.0,135.0,1.602047180744994,0,3.352680312202274,1.0
692,346,0.0,0.0,4659,0.0,1,0.0,0.0,978.0,1.3199178488951635,0,0.0,0.0
692,346,0.0,0.0,1014,0.0,1,0.0,0.0,0.0,1.3199178488951635,0,0.0,0.0
692,346,0.0,0.0,5377,0.0,1,165.0,0.0,529.0,1.3199178488951635,0,0.0,0.0
918,459,717.0,710.0,1001,1615.0,2,0.0,0.0,387.0,2.0716330615433005,1,2.5820852580266767,2.0
1120,424,0.0,0.0,3031,0.0,3,0.0,0.0,902.0,1.7585625930907762,0,0.0,0.0
692,346,0.0,0.0,3690,0.0,1,167.0,0.0,754.0,1.3199178488951635,0,0.0,0.0
953,346,0.0,0.0,5016,0.0,1,346.0,0.0,1496.0,1.494402646689314,0,0.0,0.0
1172,454,0.0,0.0,1014,0.0,2,56.0,6.0,325.0,1.7292298081325932,0,0.0,0.0
352,176,0.0,0.0,1535,0.0,1,78.0,0.0,0.0,0.3486083443891968,0,0.0,0.0
692,346,0.0,0.0,3699,0.0,1,346.0,0.0,0.0,1.3199178488951635,0,0.0,0.0
968,346,0.0,0.0,5005,0.0,1,0.0,0.0,2004.0,1.5491633845971975,0,0.0,0.0
1189,461,0.0,0.0,336,0.0,3,0.0,0.0,130.0,1.94009908046532,0,0.0,0.0
948,346,0.0,0.0,4651,0.0,1,346.0,0.0,1827.0,1.662716101049827,0,0.0,0.0
971,346,1039.0,1030.0,3682,2596.0,1,346.0,0.0,1107.0,1.5528758755881098,0,2.1197383488626267,1.0
692,346,0.0,0.0,3026,0.0,1,346.0,0.0,310.0,1.3199178488951635,0,0.0,0.0
692,346,0.0,0.0,1011,0.0,1,346.0,0.0,0.0,1.3199178488951635,0,0.0,0.0
692,346,0.0,0.0,333,0.0,1,0.0,0.0,81.0,1.3199178488951635,0,0.0,0.0
692,346,0.0,0.0,4681,0.0,1,154.0,0.0,442.0,1.3199178488951635,0,0.0,0.0
914,457,0.0,0.0,1011,0.0,2,367.0,0.0,415.0,2.077260278412869,1,0.0,0.0
692,346,0.0,0.0,3360,0.0,1,346.0,0.0,1024.0,1.3199178488951635,0,0.0,0.0
1227,474,133.0,131.0,4775,372.0,3,387.0,0.0,1895.0,2.2550536151391616,2,2.1927295555632944,1.0
692,346,0.0,0.0,339,0.0,1,174.0,0.0,0.0,1.3199178488951635,0,0.0,0.0
692,346,0.0,0.0,1002,0.0,1,0.0,0.0,406.0,1.3199178488951635,0,0.0,0.0
692,346,0.0,0.0,6061,0.0,1,0.0,0.0,1295.0,1.3199178488951635,0,0.0,0.0
692,346,0.0,0.0,1002,0.0,1,0.0,0.0,196.0,1.3199178488951635,0,0.0,0.0
346,173,0.0,0.0,499,0.0,1,0.0,0.0,104.0,0.2739012089530948,0,0.0,0.0
692,346,0.0,0.0,3039,0.0,1,0.0,0.0,0.0,1.3199178488951635,0,0.0,0.0
1541,584,0.0,0.0,467,0.0,3,0.0,402.0,57.0,1.6750151445882973,0,0.0,0.0
692,346,0.0,0.0,3044,0.0,1,159.0,0.0,647.0,1.3199178488951635,0,0.0,0.0
1102,416,380.0,378.0,3021,1209.0,20,0.0,0.0,890.0,1.6366215848268388,0,2.4901610195621235,2.0
600,300,126.0,125.0,876,2321.0,1,300.0,0.0,266.0,2.0222153252333044,9,2.908391916916639,2.0
692,346,0.0,0.0,3717,0.0,1,346.0,0.0,765.0,1.3199178488951635,0,0.0,0.0
1780,890,0.0,0.0,2436,0.0,479,1059.0,0.0,0.0,2.652790759671108,2,0.0,0.0
692,346,0.0,0.0,331,0.0,1,0.0,0.0,0.0,1.3199178488951635,0,0.0,0.0
692,346,0.0,0.0,3027,0.0,1,346.0,0.0,602.0,1.3199178488951635,0,0.0,0.0
692,346,0.0,0.0,3003,0.0,1,154.0,0.0,1204.0,1.3199178488951635,0,0.0,0.0
1102,414,0.0,0.0,3635,0.0,1,474.0,14.0,1482.0,2.208082128489693,1,0.0,0.0
1212,470,0.0,0.0,3892,0.0,3,441.0,45.0,1139.0,2.0270747349241947,1,0.0,0.0
692,346,0.0,0.0,3024,0.0,1,411.0,0.0,314.0,1.3199178488951635,0,0.0,0.0
972,346,0.0,0.0,3015,0.0,1,156.0,0.0,1218.0,1.542968130715308,0,0.0,0.0
1209,472,0.0,0.0,3001,0.0,3,0.0,0.0,598.0,1.87876049047598,0,0.0,0.0
1453,545,0.0,0.0,1291,0.0,1,169.0,326.0,382.0,1.8914728305083688,0,0.0,0.0
392,196,0.0,0.0,1688,0.0,1,0.0,0.0,0.0,0.3291402943021904,0,0.0,0.0
692,346,0.0,0.0,1011,0.0,1,346.0,0.0,0.0,1.3199178488951635,0,0.0,0.0
692,346,0.0,0.0,3033,0.0,1,0.0,0.0,327.0,1.3199178488951635,0,0.0,0.0
692,346,0.0,0.0,2991,0.0,1,346.0,0.0,602.0,1.3199178488951635,0,0.0,0.0
1208,470,0.0,0.0,5038,0.0,3,368.0,0.0,2005.0,1.909031641428054,0,0.0,0.0
692,346,0.0,0.0,1003,0.0,1,0.0,0.0,103.0,1.3199178488951635,0,0.0,0.0
692,346,0.0,0.0,344,0.0,1,0.0,0.0,0.0,1.3199178488951635,0,0.0,0.0
692,346,0.0,0.0,339,0.0,1,161.0,0.0,76.0,1.3199178488951635,0,0.0,0.0
692,346,0.0,0.0,3674,0.0,1,0.0,0.0,756.0,1.3199178488951635,0,0.0,0.0
1220,473,0.0,0.0,336,0.0,2,365.0,0.0,102.0,1.7735012079350037,0,0.0,0.0
968,346,0.0,0.0,3013,0.0,1,346.0,0.0,626.0,1.5497261421919344,0,0.0,0.0
1323,487,174.0,172.0,3735,3378.0,39,443.0,252.0,386.0,2.2384232835548907,1,2.539260218954859,1.0
1004,368,0.0,0.0,3029,0.0,2,148.0,0.0,902.0,1.5454770272888405,0,0.0,0.0
494,247,0.0,0.0,2158,0.0,1,247.0,0.0,417.0,0.3383760542446235,0,0.0,0.0
692,346,0.0,0.0,3694,0.0,1,167.0,0.0,0.0,1.3199178488951635,0,0.0,0.0
938,469,0.0,0.0,5032,0.0,3,164.0,0.0,1993.0,1.9973356289646504,0,0.0,0.0
692,346,0.0,0.0,334,0.0,1,163.0,0.0,34.0,1.3199178488951635,0,0.0,0.0
740,370,2742.0,2724.0,5032,8525.0,2,378.0,2.0,1566.0,1.7500561143307023,0,1.657381158680456,0.0
692,346,0.0,0.0,337,0.0,1,0.0,0.0,79.0,1.3199178488951635,0,0.0,0.0
692,346,0.0,0.0,334,0.0,1,0.0,0.0,37.0,1.3199178488951635,0,0.0,0.0
692,346,0.0,0.0,3015,0.0,1,346.0,0.0,1212.0,1.3199178488951635,0,0.0,0.0
692,346,0.0,0.0,336,0.0,1,0.0,0.0,0.0,1.3199178488951635,0,0.0,0.0
692,346,0.0,0.0,1011,0.0,1,346.0,0.0,0.0,1.3199178488951635,0,0.0,0.0
692,346,0.0,0.0,3014,0.0,1,346.0,0.0,0.0,1.3199178488951635,0,0.0,0.0
692,346,0.0,0.0,3009,0.0,1,0.0,0.0,1166.0,1.3199178488951635,0,0.0,0.0
692,346,0.0,0.0,3057,0.0,1,164.0,0.0,608.0,1.3199178488951635,0,0.0,0.0
1007,368,0.0,0.0,3640,0.0,3,0.0,0.0,1510.0,1.7735857842450904,0,0.0,0.0
692,346,0.0,0.0,388,0.0,1,169.0,0.0,0.0,1.3199178488951635,0,0.0,0.0
704,352,0.0,0.0,4661,0.0,7,352.0,0.0,1407.0,1.6356121674705626,0,0.0,0.0
691,346,0.0,0.0,3002,0.0,1,346.0,0.0,623.0,1.330017185963925,0,0.0,0.0
692,346,0.0,0.0,1020,0.0,1,163.0,0.0,110.0,1.3199178488951635,0,0.0,0.0
954,346,0.0,0.0,1008,0.0,1,0.0,0.0,421.0,1.6309968538670947,0,0.0,0.0
2794,1397,0.0,0.0,3629,0.0,624,1701.0,0.0,752.0,2.222507692733014,1,0.0,0.0
692,346,0.0,0.0,3096,0.0,1,346.0,0.0,622.0,1.3199178488951635,0,0.0,0.0
965,346,716.0,708.0,3015,532.0,1,159.0,0.0,908.0,1.5835334455910268,0,1.9063230964824616,0.0
692,346,0.0,0.0,3000,0.0,1,346.0,0.0,608.0,1.3199178488951635,0,0.0,0.0
692,346,0.0,0.0,1019,0.0,1,346.0,0.0,0.0,1.3199178488951635,0,0.0,0.0
996,366,0.0,0.0,8994,0.0,3,0.0,0.0,3636.0,1.9955442265393315,0,0.0,0.0
1339,533,0.0,0.0,6253,0.0,3,545.0,18.0,1880.0,2.3449128566240587,1,0.0,0.0
962,346,0.0,0.0,989,0.0,1,0.0,0.0,420.0,1.6097033369180591,0,0.0,0.0
1014,367,696.0,688.0,996,1873.0,2,0.0,0.0,309.0,1.80940655901552,0,2.1897498353202063,1.0
692,346,0.0,0.0,1005,0.0,1,346.0,0.0,0.0,1.3199178488951635,0,0.0,0.0
558,279,0.0,0.0,812,0.0,1,0.0,0.0,155.0,2.796696274132577,5,0.0,0.0
692,346,0.0,0.0,3048,0.0,1,351.0,0.0,0.0,1.3199178488951635,0,0.0,0.0
1140,436,0.0,0.0,4709,0.0,2,361.0,0.0,911.0,1.499611756553528,0,0.0,0.0
2860,1430,0.0,0.0,3720,0.0,631,2072.0,0.0,761.0,2.027866529918207,1,0.0,0.0
692,346,0.0,0.0,4987,0.0,1,156.0,0.0,1011.0,1.3199178488951635,0,0.0,0.0
698,349,112.0,110.0,3052,142.0,4,351.0,0.0,952.0,1.311434502515543,0,3.80417856247898,3.0
1108,417,0.0,0.0,3011,0.0,3,365.0,0.0,922.0,1.5136618262130792,0,0.0,0.0
1138,440,719.0,714.0,3021,1616.0,2,481.0,8.0,1226.0,2.0721697640845127,1,2.105827489109828,1.0
966,346,0.0,0.0,5021,0.0,1,174.0,0.0,2010.0,1.5761834900864231,0,0.0,0.0
692,346,0.0,0.0,3011,0.0,1,346.0,0.0,0.0,1.3199178488951635,0,0.0,0.0
767,291,90.0,90.0,2110,122.0,2,248.0,0.0,227.0,1.781636066865755,0,2.487810208717804,1.0
692,346,2751.0,2737.0,4701,8524.0,1,171.0,0.0,439.0,1.3199178488951635,0,1.5238235450893962,0.0
692,346,0.0,0.0,1018,0.0,1,346.0,0.0,389.0,1.3199178488951635,0,0.0,0.0
692,346,0.0,0.0,4711,0.0,1,0.0,0.0,1846.0,1.3199178488951635,0,0.0,0.0
962,346,709.0,701.0,3016,3373.0,1,159.0,0.0,1235.0,1.5663743345185686,0,2.244072925704149,2.0
905,345,98.0,96.0,2587,389.0,3,300.0,0.0,762.0,2.521897785920622,5,2.562238930752379,2.0
758,379,2743.0,2727.0,2964,409.0,32,174.0,0.0,314.0,1.648352567610284,0,1.5804344297294206,0.0
508,254,0.0,0.0,2211,0.0,1,254.0,0.0,0.0,4.819794819799992,1,0.0,0.0
963,346,0.0,0.0,3052,0.0,1,346.0,0.0,604.0,1.6045536359844677,0,0.0,0.0
1034,381,134.0,132.0,4704,415.0,3,372.0,0.0,1863.0,1.8913630398774328,0,3.219638089616179,1.0
692,346,0.0,0.0,5019,0.0,1,346.0,0.0,1039.0,1.3199178488951635,0,0.0,0.0
876,438,0.0,0.0,4628,0.0,21,495.0,10.0,474.0,2.281090296951576,1,0.0,0.0
982,491,0.0,0.0,353,0.0,3,134.0,13.0,122.0,1.9992269207147928,0,0.0,0.0
692,346,0.0,0.0,339,0.0,1,346.0,0.0,0.0,1.3199178488951635,0,0.0,0.0
692,346,0.0,0.0,1006,0.0,1,0.0,0.0,0.0,1.3199178488951635,0,0.0,0.0
972,356,2732.0,2723.0,3013,8267.0,2,207.0,0.0,291.0,1.516084874305371,0,1.4739890931477313,0.0
1240,442,437.0,430.0,3876,1955.0,1,0.0,267.0,1554.0,1.8027040633383853,0,3.8147819503459792,2.0
692,346,0.0,0.0,334,0.0,1,0.0,0.0,35.0,1.3199178488951635,0,0.0,0.0
814,407,0.0,0.0,6076,0.0,3,77.0,12.0,623.0,1.984579885345449,0,0.0,0.0
692,346,0.0,0.0,6056,0.0,1,346.0,0.0,1211.0,1.3199178488951635,0,0.0,0.0
692,346,0.0,0.0,3007,0.0,1,0.0,0.0,288.0,1.3199178488951635,0,0.0,0.0
954,346,0.0,0.0,999,0.0,1,0.0,0.0,309.0,1.475263271765257,0,0.0,0.0
692,346,0.0,0.0,1007,0.0,1,0.0,0.0,411.0,1.3199178488951635,0,0.0,0.0
3470,1735,0.0,0.0,4534,0.0,720,1988.0,650.0,431.0,1.7469046930668493,0,0.0,0.0
509,185,0.0,0.0,168,0.0,3,184.0,0.0,58.0,2.1658908736218825,1,0.0,0.0
842,421,0.0,0.0,3349,0.0,30,163.0,0.0,1032.0,2.469291872020021,2,0.0,0.0
692,346,0.0,0.0,3034,0.0,1,154.0,0.0,618.0,1.3199178488951635,0,0.0,0.0
692,346,0.0,0.0,2992,0.0,1,0.0,0.0,0.0,1.3199178488951635,0,0.0,0.0
692,346,0.0,0.0,4629,0.0,1,155.0,0.0,467.0,1.3199178488951635,0,0.0,0.0
950,475,702.0,701.0,5074,826.0,3,399.0,1.0,1525.0,1.9170874832266505,0,2.532984329401733,1.0
967,346,138.0,136.0,3039,437.0,1,346.0,0.0,932.0,1.5427850275540886,0,2.8332707448819,3.0
692,346,0.0,0.0,2991,0.0,1,361.0,0.0,608.0,1.3199178488951635,0,0.0,0.0
692,346,0.0,0.0,1013,0.0,1,0.0,0.0,232.0,1.3199178488951635,0,0.0,0.0
692,346,0.0,0.0,338,0.0,1,346.0,0.0,0.0,1.3199178488951635,0,0.0,0.0
958,346,0.0,0.0,1012,0.0,1,346.0,0.0,216.0,1.4726834507143305,0,0.0,0.0
688,250,525.0,522.0,2443,5915.0,1,250.0,0.0,764.0,1.0412866037620692,0,2.851234698838013,2.0
692,346,0.0,0.0,3027,0.0,1,346.0,0.0,1217.0,1.3199178488951635,0,0.0,0.0
976,354,0.0,0.0,3693,0.0,2,348.0,0.0,1102.0,1.6731590168081318,0,0.0,0.0
692,346,0.0,0.0,3005,0.0,1,0.0,0.0,607.0,1.3199178488951635,0,0.0,0.0
1174,448,0.0,0.0,3716,0.0,3,0.0,233.0,1149.0,3.1343634776832485,4,0.0,0.0
1150,435,0.0,0.0,994,0.0,3,0.0,0.0,285.0,1.749213357730669,0,0.0,0.0
692,346,0.0,0.0,340,0.0,1,346.0,0.0,0.0,1.3199178488951635,0,0.0,0.0
522,261,0.0,0.0,771,0.0,1,261.0,0.0,0.0,4.4820585772434365,2,0.0,0.0
692,346,0.0,0.0,329,0.0,1,0.0,0.0,0.0,1.3199178488951635,0,0.0,0.0
991,363,0.0,0.0,5020,0.0,18,355.0,0.0,1542.0,1.8194238635902125,0,0.0,0.0
692,346,0.0,0.0,336,0.0,1,156.0,0.0,79.0,1.3199178488951635,0,0.0,0.0
786,393,0.0,0.0,5362,0.0,2,368.0,34.0,530.0,2.1052381574950143,1,0.0,0.0
692,346,0.0,0.0,3010,0.0,1,346.0,0.0,0.0,1.3199178488951635,0,0.0,0.0
770,385,2991.0,2977.0,1015,8537.0,2,0.0,0.0,104.0,1.9629190580665712,0,1.471535428433998,0.0
692,346,0.0,0.0,2997,0.0,1,0.0,0.0,627.0,1.3199178488951635,0,0.0,0.0
692,346,0.0,0.0,1017,0.0,1,346.0,0.0,413.0,1.3199178488951635,0,0.0,0.0
692,346,0.0,0.0,3000,0.0,1,346.0,0.0,325.0,1.3199178488951635,0,0.0,0.0
692,346,0.0,0.0,337,0.0,1,0.0,0.0,39.0,1.3199178488951635,0,0.0,0.0
